local_name,agev_parcel_id,satel_parcel_id,year,crop,yield_ha
AKÁT,57600690226217624,1492.0,2017,SOJA,4.19
AKÁT,57600690226217624,1492.0,2018,PŠENICE J.,4.81
AKÁT,57600690226217624,1492.0,2019,PŠENICE OZ.,5
AKÁT,57600690226217624,1492.0,2020,SOJA,2.68
AKÁT,57600690226217624,1492.0,2021,PŠENICE OZ.,8.3
AKÁT,57600690226217624,1492.0,2022,KUKUŘICE,8.04
AKÁT,57600690226217624,1492.0,2023,OVES,3.76
AKÁT,57600690226217624,1492.0,2024,CUKROVKA,104.23
AKÁT VELKÝ,52110787935748656,1493.0,2017,JEČMEN J.,5.46
AKÁT VELKÝ,52110787935748656,1493.0,2018,PŠENICE OZ.,4.14
AKÁT VELKÝ,52110787935748656,1493.0,2019,SOJA,2.33
AKÁT VELKÝ,52110787935748656,1493.0,2020,PŠENICE OZ.,7.58
AKÁT VELKÝ,52110787935748656,1493.0,2021,PŠENICE OZ.,5.93
AKÁT VELKÝ,52110787935748656,1493.0,2022,KUKUŘICE,8.04
AKÁT VELKÝ,52110787935748656,1493.0,2023,JEČMEN J.,4.27
AKÁT VELKÝ,52110787935748656,1493.0,2024,JEČMEN OZ.,6.43
AMERIKA,0,,2017,PŠENICE OZ.,6.66
AMERIKA,0,,2018,ŘEPKA,2.68
AMERIKA,0,,2019,PŠENICE OZ.,6.82
AMERIKA,0,,2020,JETEL NACHOVÝ,-
AMERIKA,0,,2021,JETEL NACHOVÝ,-
AMERIKA,0,,2022,JETEL NACHOVÝ,VOJTĚŠKA
AMERIKA,0,,2023,JETEL NACHOVÝ,VOJTĚŠKA
AMERIKA,0,,2024,PŠENICE J.,6
BAŽANTNICE,52110787843474128,1495.0,2017,PŠENICE OZ.,8.33
BAŽANTNICE,52110787843474128,1495.0,2018,SLUNEČNICE,4.13
BAŽANTNICE,52110787843474128,1495.0,2019,PŠENICE OZ.,8.65
BAŽANTNICE,52110787843474128,1495.0,2020,PŠENICE OZ.,8.99
BAŽANTNICE,52110787843474128,1495.0,2021,SOJA,2.89
BAŽANTNICE,52110787843474128,1495.0,2022,PŠENICE OZ.,7.44
BAŽANTNICE,52110787843474128,1495.0,2023,PŠENICE OZ.,7.72
BAŽANTNICE,52110787843474128,1495.0,2024,JETEL NACHOVÝ,0.69
BEJŠOVEC,52110787904291424,1496.0,2017,PŠENICE OZ.,7.14
BEJŠOVEC,52110787904291424,1496.0,2018,SOJA,1.89
BEJŠOVEC,52110787904291424,1496.0,2019,PŠENICE OZ.,7.45
BEJŠOVEC,52110787904291424,1496.0,2020,PŠENICE OZ.,6.43
BEJŠOVEC,52110787904291424,1496.0,2021,JEČMEN J.,4.32
BEJŠOVEC,52110787904291424,1496.0,2022,PŠENICE J.,5.45
BEJŠOVEC,52110787904291424,1496.0,2023,JETEL NACHOVÝ,1.27
BEJŠOVEC,52110787904291424,1496.0,2024,PŠENICE OZ.,7.02
BÍLÍ K+H,52110787879125672,1497.0,2017,JETEL NACHOVÝ,-
BÍLÍ K+H,52110787879125672,1497.0,2018,JETEL NACHOVÝ,-
BÍLÍ K+H,52110787879125672,1497.0,2019,JETEL NACHOVÝ,-
BÍLÍ K+H,52110787879125672,1497.0,2020,PŠENICE OZ.,7.37
BÍLÍ K+H,52110787879125672,1497.0,2021,LEN,1.9
BÍLÍ K+H,52110787879125672,1497.0,2022,POHANKA,1.5
BÍLÍ K+H,52110787879125672,1497.0,2023,LEN,0.55
BÍLÍ K+H,52110787879125672,1497.0,2024,OVES,5.97
BOLESLAV,52110787847668448,1498.0,2017,JEČMEN OZ.,8.38
BOLESLAV,52110787847668448,1498.0,2018,ŘEPKA,3.48
BOLESLAV,52110787847668448,1498.0,2019,PŠENICE OZ.,6.33
BOLESLAV,52110787847668448,1498.0,2020,JEČMEN OZ.,8.35
BOLESLAV,52110787847668448,1498.0,2021,ŘEPKA,3.25
BOLESLAV,52110787847668448,1498.0,2022,PŠENICE OZ.,7.39
BOLESLAV,52110787847668448,1498.0,2023,LEN,0.84
BOLESLAV,52110787847668448,1498.0,2024,JEČMEN OZ.,6.08
BOUDA,55535434352050720,1499.0,2017,ŘEPKA,3.68
BOUDA,55535434352050720,1499.0,2018,PŠENICE OZ.,7.94
BOUDA,55535434352050720,1499.0,2019,JEČMEN OZ.,7.99
BOUDA,55535434352050720,1499.0,2020,ŘEPKA,2.32
BOUDA,55535434352050720,1499.0,2021,PŠENICE OZ.,8.05
BOUDA,55535434352050720,1499.0,2022,PŠENICE OZ.,4.9
BOUDA,55535434352050720,1499.0,2023,ŘEPKA,3.6
BOUDA,55535434352050720,1499.0,2024,PŠENICE OZ.,9.45
BRODEK,0,,2017,JETEL NACHOVÝ,-
BRODEK,0,,2018,JETEL NACHOVÝ,-
BRODEK,0,,2019,PŠENICE OZ.,5.1
BRODEK,0,,2020,JETEL NACHOVÝ,-
BRODEK,0,,2021,JETEL NACHOVÝ,-
BRODEK,0,,2022,JETEL NACHOVÝ,-
BRODEK,0,,2023,JETEL NACHOVÝ,-
BRODEK,0,,2024,JETEL NACHOVÝ,-
BŘEZINOVO,57600483990192744,1500.0,2017,JETEL NACHOVÝ,-
BŘEZINOVO,57600483990192744,1500.0,2018,JETEL NACHOVÝ,-
BŘEZINOVO,57600483990192744,1500.0,2019,PŠENICE OZ.,6.07
BŘEZINOVO,57600483990192744,1500.0,2020,SOJA,2.23
BŘEZINOVO,57600483990192744,1500.0,2021,PŠENICE J.,6.63
BŘEZINOVO,57600483990192744,1500.0,2022,PŠENICE OZ.,4.87
BŘEZINOVO,57600483990192744,1500.0,2023,PŠENICE OZ.,5.7
BŘEZINOVO,57600483990192744,1500.0,2024,SOJA,4.67
BUŠKOVEC,57599909452333600,1501.0,2017,PŠENICE OZ.,9.08
BUŠKOVEC,57599909452333600,1501.0,2018,SLUNEČNICE,3.03
BUŠKOVEC,57599909452333600,1501.0,2019,JEČMEN J.,5.54
BUŠKOVEC,57599909452333600,1501.0,2020,PŠENICE OZ.,6.28
BUŠKOVEC,57599909452333600,1501.0,2022,JEČMEN J.,5.1
BUŠKOVEC,57599909452333600,1501.0,2023,JETEL NACHOVÝ,ÚHOR
BUŠKOVEC,57599909452333600,1501.0,2024,KUKUŘICE,12.8
CERHA MCELY,57600483975512632,1502.0,2017,PŠENICE OZ.,8.56
CERHA MCELY,57600483975512632,1502.0,2018,PŠENICE OZ.,5.53
CERHA MCELY,57600483975512632,1502.0,2019,ŘEPKA,3.77
CERHA MCELY,57600483975512632,1502.0,2020,PŠENICE OZ.,7.7
CERHA MCELY,57600483975512632,1502.0,2021,PŠENICE OZ.,9.74
CERHA MCELY,57600483975512632,1502.0,2022,PŠENICE OZ.,4.29
CERHA MCELY,57600483975512632,1502.0,2023,ŘEPKA,3.4
CERHA MCELY,57600483975512632,1502.0,2024,PŠENICE OZ.,5.27
CERHA TESCO,57600483973415456,1503.0,2017,ŘEPKA,3.49
CERHA TESCO,57600483973415456,1503.0,2018,PŠENICE OZ.,6.87
CERHA TESCO,57600483973415456,1503.0,2020,ŘEPKA,3.61
CERHA TESCO,57600483973415456,1503.0,2021,PŠENICE OZ.,8.78
CERHA TESCO,57600483973415456,1503.0,2022,PŠENICE OZ.,5.82
CERHA TESCO,57600483973415456,1503.0,2023,ŘEPKA,3.5
CERHA TESCO,57600483973415456,1503.0,2024,PŠENICE OZ.,8.62
CIKÁN ,57600387114353192,1504.0,2017,PŠENICE OZ.,7.91
CIKÁN ,57600387114353192,1504.0,2018,CUKROVKA,6.82
CIKÁN ,57600387114353192,1504.0,2019,ŘEPKA,5.96
CIKÁN ,57600387114353192,1504.0,2020,PŠENICE OZ.,7.03
CIKÁN ,57600387114353192,1504.0,2022,SOJA,2.89
CIKÁN ,57600387114353192,1504.0,2023,PŠENICE OZ.,6.87
CIKÁN ,57600387114353192,1504.0,2024,JETEL NACHOVÝ,1.38
Cinevesko 1,52110787914777256,1505.0,2017,PŠENICE OZ.,7.93
Cinevesko 1,52110787914777256,1505.0,2018,CUKROVKA,72.74
Cinevesko 1,52110787914777256,1505.0,2019,JEČMEN J.,5.51
Cinevesko 1,52110787914777256,1505.0,2020,PŠENICE OZ.,5.96
Cinevesko 1,52110787914777256,1505.0,2021,ŘEPKA,2.93
Cinevesko 1,52110787914777256,1505.0,2022,JEČMEN OZ.,9.39
Cinevesko 1,52110787914777256,1505.0,2023,SOJA,3.77
Cinevesko 1,52110787914777256,1505.0,2024,PŠENICE OZ.,7.58
Cinevesko 2,57600690123457064,1506.0,2017,PŠENICE OZ.,7.93
Cinevesko 2,57600690123457064,1506.0,2018,CUKROVKA,72.74
Cinevesko 2,57600690123457064,1506.0,2019,JEČMEN J.,5.51
Cinevesko 2,57600690123457064,1506.0,2020,PŠENICE OZ.,5.96
Cinevesko 2,57600690123457064,1506.0,2021,ŘEPKA,2.93
Cinevesko 2,57600690123457064,1506.0,2022,JEČMEN OZ.,9.39
Cinevesko 2,57600690123457064,1506.0,2023,SOJA,3.77
Cinevesko 2,57600690123457064,1506.0,2024,PŠENICE OZ.,7.58
Cinevesko 3,52110788007051984,1349.0,2017,PŠENICE OZ.,7.93
Cinevesko 3,52110788007051984,1349.0,2018,CUKROVKA,72.74
Cinevesko 3,52110788007051984,1349.0,2019,JEČMEN J.,5.51
Cinevesko 3,52110788007051984,1349.0,2020,PŠENICE OZ.,5.96
Cinevesko 3,52110788007051984,1349.0,2021,ŘEPKA,2.93
Cinevesko 3,52110788007051984,1349.0,2022,JEČMEN OZ.,9.39
Cinevesko 3,52110788007051984,1349.0,2023,SOJA,3.77
Cinevesko 3,52110788007051984,1349.0,2024,PŠENICE OZ.,7.58
DAREBNICE ,52110788015440640,1426.0,2017,JEČMEN J.,6.1
DAREBNICE ,52110788015440640,1426.0,2019,ŘEPKA,3.54
DAREBNICE ,52110788015440640,1426.0,2020,PŠENICE OZ.,7.57
DAREBNICE ,52110788015440640,1426.0,2021,PŠENICE OZ.,6.56
DAREBNICE ,52110788015440640,1426.0,2022,KUKUŘICE,8.04
DAREBNICE ,52110788015440640,1426.0,2023,JEČMEN J.,4.91
DAREBNICE ,52110788015440640,1426.0,2024,JEČMEN OZ.,6.28
DAREBNICE 2,52110788017537544,1350.0,2017,JEČMEN J.,6.1
DAREBNICE 2,52110788017537544,1350.0,2019,ŘEPKA,3.54
DAREBNICE 2,52110788017537544,1350.0,2020,PŠENICE OZ.,7.57
DAREBNICE 2,52110788017537544,1350.0,2021,PŠENICE OZ.,6.56
DAREBNICE 2,52110788017537544,1350.0,2022,KUKUŘICE,8.04
DAREBNICE 2,52110788017537544,1350.0,2023,JEČMEN J.,4.91
DAREBNICE 2,52110788017537544,1350.0,2024,JEČMEN OZ.,6.28
DĚKANKA,55535434320593616,1507.0,2017,ŘEPKA,3.5
DĚKANKA,55535434320593616,1507.0,2018,PŠENICE OZ.,6.46
DĚKANKA,55535434320593616,1507.0,2019,Neznáma,CUKROVKA
DĚKANKA,55535434320593616,1507.0,2020,JEČMEN J.,6.67
DĚKANKA,55535434320593616,1507.0,2021,PŠENICE OZ.,8.46
DĚKANKA,55535434320593616,1507.0,2022,ŘEPKA,4.2
DĚKANKA,55535434320593616,1507.0,2023,PŠENICE OZ.,9.13
DĚKANKA,55535434320593616,1507.0,2024,CUKROVKA,105.19
DLOUHÁ VESTEC,55535434383508000,1508.0,2017,CUKROVKA,85.4
DLOUHÁ VESTEC,55535434383508000,1508.0,2018,JEČMEN J.,6.63
DLOUHÁ VESTEC,55535434383508000,1508.0,2019,PŠENICE OZ.,7
DLOUHÁ VESTEC,55535434383508000,1508.0,2021,PŠENICE OZ.,8.48
DLOUHÁ VESTEC,55535434383508000,1508.0,2022,PŠENICE OZ.,7.37
DLOUHÁ VESTEC,55535434383508000,1508.0,2023,ŘEPKA,4.26
DLOUHÁ VESTEC,55535434383508000,1508.0,2024,PŠENICE OZ.,8.32
DLOUHÁ VESTEC 2,61423698093032176,1509.0,2017,CUKROVKA,85.4
DLOUHÁ VESTEC 2,61423698093032176,1509.0,2018,JEČMEN J.,6.63
DLOUHÁ VESTEC 2,61423698093032176,1509.0,2019,PŠENICE OZ.,7
DLOUHÁ VESTEC 2,61423698093032176,1509.0,2021,PŠENICE OZ.,8.48
DLOUHÁ VESTEC 2,61423698093032176,1509.0,2022,PŠENICE OZ.,7.37
DLOUHÁ VESTEC 2,61423698093032176,1509.0,2023,ŘEPKA,4.26
DLOUHÁ VESTEC 2,61423698093032176,1509.0,2024,PŠENICE OZ.,8.32
DLOUHÁ VESTEC 3,52110787965108736,1510.0,2017,CUKROVKA,85.4
DLOUHÁ VESTEC 3,52110787965108736,1510.0,2018,JEČMEN J.,6.63
DLOUHÁ VESTEC 3,52110787965108736,1510.0,2019,PŠENICE OZ.,7
DLOUHÁ VESTEC 3,52110787965108736,1510.0,2021,PŠENICE OZ.,8.48
DLOUHÁ VESTEC 3,52110787965108736,1510.0,2022,PŠENICE OZ.,7.37
DLOUHÁ VESTEC 3,52110787965108736,1510.0,2023,ŘEPKA,4.26
DLOUHÁ VESTEC 3,52110787965108736,1510.0,2024,PŠENICE OZ.,8.32
HATĚ CERHA,55535434349953544,1352.0,2017,ŘEPKA,3.75
HATĚ CERHA,55535434349953544,1352.0,2018,PŠENICE OZ.,7.36
HATĚ CERHA,55535434349953544,1352.0,2019,JEČMEN OZ.,"7,78 / 7,77"
HATĚ CERHA,55535434349953544,1352.0,2020,ŘEPKA,2.73
HATĚ CERHA,55535434349953544,1352.0,2021,PŠENICE OZ.,7.9
HATĚ CERHA,55535434349953544,1352.0,2022,PŠENICE OZ.,5.16
HATĚ CERHA,55535434349953544,1352.0,2023,ŘEPKA,3.39
HATĚ CERHA,55535434349953544,1352.0,2024,PŠENICE OZ.,8.91
HOMOL,52110788000760480,1354.0,2017,PŠENICE OZ.,7.87
HOMOL,52110788000760480,1354.0,2018,CUKROVKA,72.7
HOMOL,52110788000760480,1354.0,2021,PŠENICE J.,6.84
HOMOL,52110788000760480,1354.0,2022,PŠENICE OZ.,5.78
HOMOL,52110788000760480,1354.0,2023,SOJA,3.52
HOMOL,52110788000760480,1354.0,2024,PŠENICE OZ.,7.51
HOMOL,52110787998663312,1355.0,2017,PŠENICE OZ.,7.87
HOMOL,52110787998663312,1355.0,2018,CUKROVKA,72.7
HOMOL,52110787998663312,1355.0,2021,PŠENICE J.,6.84
HOMOL,52110787998663312,1355.0,2022,PŠENICE OZ.,5.78
HOMOL,52110787998663312,1355.0,2023,SOJA,3.52
HOMOL,52110787998663312,1355.0,2024,PŠENICE OZ.,7.51
HRUBEC,61640199536394976,1570.0,2017,CUKROVKA,85.4
HRUBEC,61640199536394976,1570.0,2018,PŠENICE OZ.,4.02
HRUBEC,61640199536394976,1570.0,2019,PŠENICE OZ.,6.21
HRUBEC,61640199536394976,1570.0,2020,SOJA,2.11
HRUBEC,61640199536394976,1570.0,2021,PŠENICE OZ.,7.6
HRUBEC,61640199536394976,1570.0,2022,PŠENICE OZ.,5.88
HRUBEC,61640199536394976,1570.0,2023,CUKROVKA,158.22
HRUBEC,61640199536394976,1570.0,2024,KUKUŘICE,13.26
HRUŠKA,52110788002857640,1356.0,2017,ŘEPKA,4.14
HRUŠKA,52110788002857640,1356.0,2018,PŠENICE OZ.,6.54
HRUŠKA,52110788002857640,1356.0,2019,PŠENICE OZ.,7.19
HRUŠKA,52110788002857640,1356.0,2020,PŠENICE OZ.,7.77
HRUŠKA,52110788002857640,1356.0,2021,JEČMEN J.,5.39
HRUŠKA,52110788002857640,1356.0,2022,JEČMEN OZ.,8.61
HRUŠKA,52110788002857640,1356.0,2023,SOJA,3.52
HRUŠKA,52110788002857640,1356.0,2024,PŠENICE OZ.,8.19
HRUŠKA 2,52110788002857648,1358.0,2017,ŘEPKA,4.14
HRUŠKA 2,52110788002857648,1358.0,2018,PŠENICE OZ.,6.54
HRUŠKA 2,52110788002857648,1358.0,2019,PŠENICE OZ.,7.19
HRUŠKA 2,52110788002857648,1358.0,2020,PŠENICE OZ.,7.77
HRUŠKA 2,52110788002857648,1358.0,2021,JEČMEN J.,5.39
HRUŠKA 2,52110788002857648,1358.0,2022,JEČMEN OZ.,8.61
HRUŠKA 2,52110788002857648,1358.0,2023,SOJA,3.52
HRUŠKA 2,52110788002857648,1358.0,2024,PŠENICE OZ.,8.19
HUSÁNEK,55535434349953560,1359.0,2017,ŘEPKA,2.92
HUSÁNEK,55535434349953560,1359.0,2018,PŠENICE OZ.,6.68
HUSÁNEK,55535434349953560,1359.0,2019,JEČMEN OZ.,5.96
HUSÁNEK,55535434349953560,1359.0,2020,ŘEPKA,1.89
HUSÁNEK,55535434349953560,1359.0,2021,PŠENICE OZ.,7.22
HUSÁNEK,55535434349953560,1359.0,2022,PŠENICE OZ.,5.62
HUSÁNEK,55535434349953560,1359.0,2023,ŘEPKA,3.37
HUSÁNEK,55535434349953560,1359.0,2024,PŠENICE OZ.,8.28
CHLEBY,0,,2017,JETEL NACHOVÝ,-
CHLEBY,0,,2018,JETEL NACHOVÝ,-
CHLEBY,0,,2019,JETEL NACHOVÝ,-
CHLEBY,0,,2020,JETEL NACHOVÝ,-
CHLEBY,0,,2021,Neznáma,2.05
CHLEBY,0,,2022,PŠENICE J.,3.16
CHLEBY,0,,2023,JETEL NACHOVÝ,ÚHOR
CHLEBY,0,,2024,KUKUŘICE,6.22
JEZÍRKA,52110787927360000,1514.0,2017,JEČMEN OZ.,7.58
JEZÍRKA,52110787927360000,1514.0,2018,ŘEPKA,2.8
JEZÍRKA,52110787927360000,1514.0,2019,PŠENICE OZ.,6.99
JEZÍRKA,52110787927360000,1514.0,2020,JEČMEN OZ.,8.65
JEZÍRKA,52110787927360000,1514.0,2021,ŘEPKA,2.47
JEZÍRKA,52110787927360000,1514.0,2022,PŠENICE OZ.,5.68
JEZÍRKA,52110787927360000,1514.0,2023,JEČMEN OZ.,6.6
JEZÍRKA,52110787927360000,1514.0,2024,OVES,3.33
Jitra 1.,52110787958817512,1515.0,2017,PŠENICE OZ.,14.24
Jitra 1.,52110787958817512,1515.0,2018,SOJA,1.83
Jitra 1.,52110787958817512,1515.0,2019,PŠENICE OZ.,6.75
Jitra 1.,52110787958817512,1515.0,2020,PŠENICE OZ.,6.55
Jitra 1.,52110787958817512,1515.0,2021,ŘEPKA,3.28
Jitra 1.,52110787958817512,1515.0,2022,CUKROVKA,86.24
Jitra 2,55535434295427648,1516.0,2017,PŠENICE OZ.,14.24
Jitra 2,55535434295427648,1516.0,2018,SOJA,1.83
Jitra 2,55535434295427648,1516.0,2019,PŠENICE OZ.,6.75
Jitra 2,55535434295427648,1516.0,2020,PŠENICE OZ.,6.55
Jitra 2,55535434295427648,1516.0,2021,ŘEPKA,3.28
Jitra 2,55535434295427648,1516.0,2022,CUKROVKA,86.24
Jitra 3,55535434295427640,1517.0,2017,PŠENICE OZ.,14.24
Jitra 3,55535434295427640,1517.0,2018,SOJA,1.83
Jitra 3,55535434295427640,1517.0,2019,PŠENICE OZ.,6.75
Jitra 3,55535434295427640,1517.0,2020,PŠENICE OZ.,6.55
Jitra 3,55535434295427640,1517.0,2021,ŘEPKA,3.28
Jitra 3,55535434295427640,1517.0,2022,CUKROVKA,86.24
Jitra 4.,52110787933651504,1518.0,2017,PŠENICE OZ.,14.24
Jitra 4.,52110787933651504,1518.0,2018,SOJA,1.83
Jitra 4.,52110787933651504,1518.0,2019,PŠENICE OZ.,6.75
Jitra 4.,52110787933651504,1518.0,2020,PŠENICE OZ.,6.55
Jitra 4.,52110787933651504,1518.0,2021,ŘEPKA,3.28
Jitra 4.,52110787933651504,1518.0,2022,CUKROVKA,86.24
Jitra 5,63056659997540912,1427.0,2017,PŠENICE OZ.,14.24
Jitra 5,63056659997540912,1427.0,2018,SOJA,1.83
Jitra 5,63056659997540912,1427.0,2019,PŠENICE OZ.,6.75
Jitra 5,63056659997540912,1427.0,2020,PŠENICE OZ.,6.55
Jitra 5,63056659997540912,1427.0,2021,ŘEPKA,3.28
Jitra 5,63056659997540912,1427.0,2022,CUKROVKA,86.24
K Jeseniku 1,52110787860251168,1360.0,2017,PŠENICE OZ.,8.6
K Jeseniku 1,52110787860251168,1360.0,2018,JEČMEN J.,6.36
K Jeseniku 1,52110787860251168,1360.0,2019,ŘEPKA,3.49
K Jeseniku 1,52110787860251168,1360.0,2020,PŠENICE OZ.,8.69
K Jeseniku 1,52110787860251168,1360.0,2021,JEČMEN J.,5.86
K Jeseniku 1,52110787860251168,1360.0,2022,SOJA,3.06
K Jeseniku 1,52110787860251168,1360.0,2023,PŠENICE OZ.,8.22
K Jeseniku 1,52110787860251168,1360.0,2024,PŠENICE OZ.,8.72
K Jeseniku 2,55535434366730896,1519.0,2017,PŠENICE OZ.,8.6
K Jeseniku 2,55535434366730896,1519.0,2018,JEČMEN J.,6.36
K Jeseniku 2,55535434366730896,1519.0,2019,ŘEPKA,3.49
K Jeseniku 2,55535434366730896,1519.0,2020,PŠENICE OZ.,8.69
K Jeseniku 2,55535434366730896,1519.0,2021,JEČMEN J.,5.86
K Jeseniku 2,55535434366730896,1519.0,2022,SOJA,3.06
K Jeseniku 2,55535434366730896,1519.0,2023,PŠENICE OZ.,8.22
K Jeseniku 2,55535434366730896,1519.0,2024,PŠENICE OZ.,8.72
KNĚŽNA,57941669588255408,1520.0,2017,PŠENICE OZ.,7.28
KNĚŽNA,57941669588255408,1520.0,2018,SOJA,3.04
KNĚŽNA,57941669588255408,1520.0,2019,PŠENICE OZ.,7.53
KNĚŽNA,57941669588255408,1520.0,2020,PŠENICE OZ.,7.04
KNĚŽNA,57941669588255408,1520.0,2021,ŘEPKA,3.64
KNĚŽNA,57941669588255408,1520.0,2022,PŠENICE OZ.,7.25
KNĚŽNA,57941669588255408,1520.0,2023,PŠENICE OZ.,8.36
KNĚŽNA,57941669588255408,1520.0,2024,SOJA,4.32
KOPANINA,57600483981804112,1521.0,2017,JETEL NACHOVÝ,-
KOPANINA,57600483981804112,1521.0,2018,JETEL NACHOVÝ,-
KOPANINA,57600483981804112,1521.0,2019,PŠENICE OZ.,6.13
KOPANINA,57600483981804112,1521.0,2020,PŠENICE OZ.,8.58
KOPANINA,57600483981804112,1521.0,2021,ŘEPKA,3.07
KOPANINA,57600483981804112,1521.0,2022,PŠENICE OZ.,5.6
KOPANINA,57600483981804112,1521.0,2023,SLUNEČNICE,3.4
KOPANINA,57600483981804112,1521.0,2024,JETEL NACHOVÝ,vojtěška
KOSTEL BOŠÍN,55535434373022400,1362.0,2018,PŠENICE OZ.,7.06
KOSTEL BOŠÍN,55535434373022400,1362.0,2019,PŠENICE OZ.,7.33
KOSTEL BOŠÍN,55535434373022400,1362.0,2020,ŘEPKA,3.43
KOSTEL BOŠÍN,55535434373022400,1362.0,2021,PŠENICE OZ.,7.05
KOSTEL BOŠÍN,55535434373022400,1362.0,2022,PŠENICE OZ.,5.67
KOSTEL BOŠÍN,55535434373022400,1362.0,2023,ŘEPKA,4.02
KOSTEL BOŠÍN,55535434373022400,1362.0,2024,PŠENICE OZ.,6.57
Kotlina 1,55535434362536552,1428.0,2017,ŘEPKA,4.06
Kotlina 1,55535434362536552,1428.0,2018,PŠENICE OZ.,7.33
Kotlina 1,55535434362536552,1428.0,2019,JEČMEN OZ.,8.03
Kotlina 1,55535434362536552,1428.0,2020,ŘEPKA,3.73
Kotlina 1,55535434362536552,1428.0,2021,PŠENICE OZ.,7.53
Kotlina 1,55535434362536552,1428.0,2022,SOJA,2.51
Kotlina 1,55535434362536552,1428.0,2024,JETEL NACHOVÝ,0.99
Kotlina 2,55535434377216744,1429.0,2017,ŘEPKA,4.06
Kotlina 2,55535434377216744,1429.0,2018,PŠENICE OZ.,7.33
Kotlina 2,55535434377216744,1429.0,2019,JEČMEN OZ.,8.03
Kotlina 2,55535434377216744,1429.0,2020,ŘEPKA,3.73
Kotlina 2,55535434377216744,1429.0,2021,PŠENICE OZ.,7.53
Kotlina 2,55535434377216744,1429.0,2022,SOJA,2.51
Kotlina 2,55535434377216744,1429.0,2024,JETEL NACHOVÝ,0.99
Kotlina 3,55535434375119592,1430.0,2017,ŘEPKA,4.06
Kotlina 3,55535434375119592,1430.0,2018,PŠENICE OZ.,7.33
Kotlina 3,55535434375119592,1430.0,2019,JEČMEN OZ.,8.03
Kotlina 3,55535434375119592,1430.0,2020,ŘEPKA,3.73
Kotlina 3,55535434375119592,1430.0,2021,PŠENICE OZ.,7.53
Kotlina 3,55535434375119592,1430.0,2022,SOJA,2.51
Kotlina 3,55535434375119592,1430.0,2024,JETEL NACHOVÝ,0.99
Kotlina 4,57600387114353184,1522.0,2017,ŘEPKA,4.06
Kotlina 4,57600387114353184,1522.0,2018,PŠENICE OZ.,7.33
Kotlina 4,57600387114353184,1522.0,2019,JEČMEN OZ.,8.03
Kotlina 4,57600387114353184,1522.0,2020,ŘEPKA,3.73
Kotlina 4,57600387114353184,1522.0,2021,PŠENICE OZ.,7.53
Kotlina 4,57600387114353184,1522.0,2022,SOJA,2.51
Kotlina 4,57600387114353184,1522.0,2024,JETEL NACHOVÝ,0.99
KOUTY ,62419295191188208,1431.0,2017,PŠENICE OZ.,7.8
KOUTY ,62419295191188208,1431.0,2018,JEČMEN OZ.,6.73
KOUTY ,62419295191188208,1431.0,2019,ŘEPKA,3.53
KOUTY ,62419295191188208,1431.0,2020,PŠENICE OZ.,8.9
KOUTY ,62419295191188208,1431.0,2021,JEČMEN OZ.,9.47
KOUTY ,62419295191188208,1431.0,2022,ŘEPKA,2.06
KOUTY ,62419295191188208,1431.0,2023,JETEL NACHOVÝ,1.03
KOUTY ,62419295191188208,1431.0,2024,PŠENICE OZ.,6.96
KUBÍČEK,0,,2017,PŠENICE OZ.,5.07
KUBÍČEK,0,,2018,PŠENICE J.,5.32
KUBÍČEK,0,,2019,PŠENICE OZ.,6.15
KUBÍČEK,0,,2020,PŠENICE OZ.,5.2
KUBÍČEK,0,,2021,SOJA,1.66
KUBÍČEK,0,,2022,PŠENICE OZ.,6.91
KUBÍČEK,0,,2023,PŠENICE OZ.,6.63
KUBÍČEK,0,,2024,SOJA,0.23
KUNSBERK,57600425047638752,1365.0,2017,JETEL NACHOVÝ,-
KUNSBERK,57600425047638752,1365.0,2018,PŠENICE OZ.,6.18
KUNSBERK,57600425047638752,1365.0,2019,ŘEPKA,3.52
KUNSBERK,57600425047638752,1365.0,2020,PŠENICE OZ.,7.66
KUNSBERK,57600425047638752,1365.0,2021,PŠENICE OZ.,6.26
KUNSBERK,57600425047638752,1365.0,2022,SOJA,3.01
KUNSBERK,57600425047638752,1365.0,2023,PŠENICE OZ.,3.55
KUNSBERK,57600425047638752,1365.0,2024,SOJA,4.47
LEČ MLÝN,57600690112971488,1366.0,2017,ŘEPKA,3.85
LEČ MLÝN,57600690112971488,1366.0,2018,PŠENICE OZ.,6.04
LEČ MLÝN,57600690112971488,1366.0,2019,PŠENICE OZ.,6.16
LEČ MLÝN,57600690112971488,1366.0,2020,ŘEPKA,3.46
LEČ MLÝN,57600690112971488,1366.0,2021,PŠENICE OZ.,6.47
LEČ MLÝN,57600690112971488,1366.0,2022,CUKROVKA,86.24
LEČ MLÝN,57600690112971488,1366.0,2023,SOJA,3.33
LEČ MLÝN,57600690112971488,1366.0,2024,PŠENICE OZ.,7.84
LEČ MLÝN,52110787948331680,1523.0,2017,ŘEPKA,3.85
LEČ MLÝN,52110787948331680,1523.0,2018,PŠENICE OZ.,6.04
LEČ MLÝN,52110787948331680,1523.0,2019,PŠENICE OZ.,6.16
LEČ MLÝN,52110787948331680,1523.0,2020,ŘEPKA,3.46
LEČ MLÝN,52110787948331680,1523.0,2021,PŠENICE OZ.,6.47
LEČ MLÝN,52110787948331680,1523.0,2022,CUKROVKA,86.24
LEČ MLÝN,52110787948331680,1523.0,2023,SOJA,3.33
LEČ MLÝN,52110787948331680,1523.0,2024,PŠENICE OZ.,7.84
LETIŠTĚ,59754373384782576,1524.0,2017,ŘEPKA,3.57
LETIŠTĚ,59754373384782576,1524.0,2018,PŠENICE OZ.,7.29
LETIŠTĚ,59754373384782576,1524.0,2019,PŠENICE OZ.,6.04
LETIŠTĚ,59754373384782576,1524.0,2020,SOJA,3.07
LETIŠTĚ,59754373384782576,1524.0,2021,PŠENICE OZ.,7.15
LETIŠTĚ,59754373384782576,1524.0,2022,LEN,2.22
LETIŠTĚ,59754373384782576,1524.0,2023,JEČMEN OZ.,9.11
LETIŠTĚ,59754373384782576,1524.0,2024,ŘEPKA,2.48
LYSICE,52110787912680080,1525.0,2017,ŘEPKA,3.12
LYSICE,52110787912680080,1525.0,2018,PŠENICE OZ.,7.17
LYSICE,52110787912680080,1525.0,2019,PŠENICE OZ.,6.54
LYSICE,52110787912680080,1525.0,2021,SOJA,3.55
LYSICE,52110787912680080,1525.0,2022,JEČMEN J.,7.05
LYSICE,52110787912680080,1525.0,2023,JEČMEN OZ.,8.82
LYSICE,52110787912680080,1525.0,2024,ŘEPKA,1.93
Maly kamenec 1,57600690119262728,1367.0,2017,PŠENICE OZ.,7.93
Maly kamenec 1,57600690119262728,1367.0,2018,Neznáma,VOJTĚŠKA
Maly kamenec 1,57600690119262728,1367.0,2019,Neznáma,VOJTĚŠKA
Maly kamenec 1,57600690119262728,1367.0,2020,Neznáma,VOJTĚŠKA
Maly kamenec 1,57600690119262728,1367.0,2021,Neznáma,VOJTĚŠKA
Maly kamenec 1,57600690119262728,1367.0,2022,PŠENICE OZ.,5.75
Maly kamenec 1,57600690119262728,1367.0,2023,PŠENICE OZ.,7.34
Maly kamenec 1,57600690119262728,1367.0,2024,SOJA,3.71
Maly kamenec 2,57599942897713728,1368.0,2017,PŠENICE OZ.,7.93
Maly kamenec 2,57599942897713728,1368.0,2018,Neznáma,VOJTĚŠKA
Maly kamenec 2,57599942897713728,1368.0,2019,Neznáma,VOJTĚŠKA
Maly kamenec 2,57599942897713728,1368.0,2020,Neznáma,VOJTĚŠKA
Maly kamenec 2,57599942897713728,1368.0,2021,Neznáma,VOJTĚŠKA
Maly kamenec 2,57599942897713728,1368.0,2022,PŠENICE OZ.,5.75
Maly kamenec 2,57599942897713728,1368.0,2023,PŠENICE OZ.,7.34
Maly kamenec 2,57599942897713728,1368.0,2024,SOJA,3.71
MALÝ KLÁŠTER,0,,2017,PŠENICE OZ.,8.9
MALÝ KLÁŠTER,0,,2018,SLUNEČNICE,3.33
MALÝ KLÁŠTER,0,,2019,PŠENICE OZ.,5.56
MALÝ KLÁŠTER,0,,2020,PŠENICE OZ.,7.94
MALÝ KLÁŠTER,0,,2021,SOJA,3.08
MALÝ KLÁŠTER,0,,2022,PŠENICE OZ.,7.26
MALÝ KLÁŠTER,0,,2023,PŠENICE OZ.,7.67
MALÝ KLÁŠTER,0,,2024,JETEL NACHOVÝ,0.69
MALÝ LOKÁČ,52110787921068760,1369.0,2017,PŠENICE OZ.,7.65
MALÝ LOKÁČ,52110787921068760,1369.0,2018,SLUNEČNICE,3.55
MALÝ LOKÁČ,52110787921068760,1369.0,2019,PŠENICE OZ.,5.75
MALÝ LOKÁČ,52110787921068760,1369.0,2020,PŠENICE OZ.,5.16
MALÝ LOKÁČ,52110787921068760,1369.0,2021,SOJA,2.53
MALÝ LOKÁČ,52110787921068760,1369.0,2022,PŠENICE OZ.,5.5
MALÝ LOKÁČ,52110787921068760,1369.0,2023,PŠENICE OZ.,8.6
MALÝ LOKÁČ,52110787921068760,1369.0,2024,JETEL NACHOVÝ,0.73
MARTÍNEK,0,,2017,Neznáma,VOJTĚŠKA
MARTÍNEK,0,,2018,Neznáma,VOJTĚŠKA
MARTÍNEK,0,,2019,Neznáma,VOJTĚŠKA
MARTÍNEK,0,,2020,Neznáma,VOJTĚŠKA
MARTÍNEK,0,,2021,Neznáma,VOJTĚŠKA
MARTÍNEK,0,,2022,PŠENICE J.,5.19
MARTÍNEK,0,,2023,Neznáma,ÚHOR
MARTÍNEK,0,,2024,JETEL NACHOVÝ,ÚHOR
Mezi cesty 1,52110787912680072,1370.0,2017,PŠENICE OZ.,8.1
Mezi cesty 1,52110787912680072,1370.0,2018,JEČMEN J.,1.69
Mezi cesty 1,52110787912680072,1370.0,2019,PŠENICE OZ.,6.94
Mezi cesty 1,52110787912680072,1370.0,2020,ŘEPKA,2.39
Mezi cesty 1,52110787912680072,1370.0,2021,PŠENICE J.,5.28
Mezi cesty 1,52110787912680072,1370.0,2022,PŠENICE OZ.,6.9
Mezi cesty 1,52110787912680072,1370.0,2023,ŘEPKA,3.66
Mezi cesty 1,52110787912680072,1370.0,2024,PŠENICE OZ.,6.71
Mezi cesty 2,55535434381410824,1371.0,2017,PŠENICE OZ.,8.1
Mezi cesty 2,55535434381410824,1371.0,2018,JEČMEN J.,1.69
Mezi cesty 2,55535434381410824,1371.0,2019,PŠENICE OZ.,6.94
Mezi cesty 2,55535434381410824,1371.0,2020,ŘEPKA,2.39
Mezi cesty 2,55535434381410824,1371.0,2021,PŠENICE J.,5.28
Mezi cesty 2,55535434381410824,1371.0,2022,PŠENICE OZ.,6.9
Mezi cesty 2,55535434381410824,1371.0,2023,ŘEPKA,3.66
Mezi cesty 2,55535434381410824,1371.0,2024,PŠENICE OZ.,6.71
Mezi cesty 3,57600690121359896,1372.0,2017,PŠENICE OZ.,8.1
Mezi cesty 3,57600690121359896,1372.0,2018,JEČMEN J.,1.69
Mezi cesty 3,57600690121359896,1372.0,2019,PŠENICE OZ.,6.94
Mezi cesty 3,57600690121359896,1372.0,2020,ŘEPKA,2.39
Mezi cesty 3,57600690121359896,1372.0,2021,PŠENICE J.,5.28
Mezi cesty 3,57600690121359896,1372.0,2022,PŠENICE OZ.,6.9
Mezi cesty 3,57600690121359896,1372.0,2023,ŘEPKA,3.66
Mezi cesty 3,57600690121359896,1372.0,2024,PŠENICE OZ.,6.71
MEZI LESY,57600690115068648,1373.0,2017,ŘEPKA,4.12
MEZI LESY,57600690115068648,1373.0,2018,PŠENICE OZ.,6.21
MEZI LESY,57600690115068648,1373.0,2019,PŠENICE OZ.,6.26
MEZI LESY,57600690115068648,1373.0,2020,ŘEPKA,7.96
MEZI LESY,57600690115068648,1373.0,2021,PŠENICE OZ.,7.2
MEZI LESY,57600690115068648,1373.0,2022,PŠENICE OZ.,5
MEZI LESY,57600690115068648,1373.0,2023,ŘEPKA,3.96
MEZI LESY,57600690115068648,1373.0,2024,PŠENICE OZ.,6.76
MEZI LESY 2,52110787877028504,1374.0,2017,ŘEPKA,4.12
MEZI LESY 2,52110787877028504,1374.0,2018,PŠENICE OZ.,6.2
MEZI LESY 2,52110787877028504,1374.0,2019,PŠENICE OZ.,6.26
MEZI LESY 2,52110787877028504,1374.0,2020,ŘEPKA,7.96
MEZI LESY 2,52110787877028504,1374.0,2021,PŠENICE OZ.,7.2
MEZI LESY 2,52110787877028504,1374.0,2022,PŠENICE OZ.,5
MEZI LESY 2,52110787877028504,1374.0,2023,ŘEPKA,3.96
MEZI LESY 2,52110787877028504,1374.0,2024,PŠENICE OZ.,6.76
MNV LEDEČKY,57615860782613040,1375.0,2017,PŠENICE OZ.,6.42
MNV LEDEČKY,57615860782613040,1375.0,2019,ŘEPKA,3.17
MNV LEDEČKY,57615860782613040,1375.0,2020,PŠENICE OZ.,6.5
MNV LEDEČKY,57615860782613040,1375.0,2021,PŠENICE J.,5.5
MNV LEDEČKY,57615860782613040,1375.0,2022,SOJA,2.73
MNV LEDEČKY,57615860782613040,1375.0,2023,PŠENICE OZ.,6.51
MNV LEDEČKY,57615860782613040,1375.0,2024,SOJA,3.58
MUTÍNSKO,59754373865030160,1434.0,2017,PŠENICE OZ.,9.05
MUTÍNSKO,59754373865030160,1434.0,2018,SLUNEČNICE,3.33
MUTÍNSKO,59754373865030160,1434.0,2019,PŠENICE OZ.,5.72
MUTÍNSKO,59754373865030160,1434.0,2020,JEČMEN J.,3.86
MUTÍNSKO,59754373865030160,1434.0,2021,Neznáma,0.27
MUTÍNSKO,59754373865030160,1434.0,2022,PŠENICE OZ.,7.11
MUTÍNSKO,59754373865030160,1434.0,2023,PŠENICE OZ.,8.46
MUTÍNSKO,59754373865030160,1434.0,2024,JETEL NACHOVÝ,0.67
MUTÍNSKO HOLEČEK,52110787845571296,1376.0,2017,PŠENICE OZ.,9.02
MUTÍNSKO HOLEČEK,52110787845571296,1376.0,2018,SLUNEČNICE,3.79
MUTÍNSKO HOLEČEK,52110787845571296,1376.0,2019,PŠENICE OZ.,7.38
MUTÍNSKO HOLEČEK,52110787845571296,1376.0,2020,JEČMEN J.,5.29
MUTÍNSKO HOLEČEK,52110787845571296,1376.0,2021,Neznáma,0.33
MUTÍNSKO HOLEČEK,52110787845571296,1376.0,2022,PŠENICE OZ.,7.43
MUTÍNSKO HOLEČEK,52110787845571296,1376.0,2023,PŠENICE OZ.,8.76
MUTÍNSKO HOLEČEK,52110787845571296,1376.0,2024,JETEL NACHOVÝ,0.7
NAD CIHELNOU,57600539680064144,1530.0,2017,ŘEPKA,4.09
NAD CIHELNOU,57600539680064144,1530.0,2018,PŠENICE OZ.,6.01
NAD CIHELNOU,57600539680064144,1530.0,2019,Neznáma,CUKROVKA
NAD CIHELNOU,57600539680064144,1530.0,2020,JEČMEN J.,7.41
NAD CIHELNOU,57600539680064144,1530.0,2021,PŠENICE OZ.,8.11
NAD CIHELNOU,57600539680064144,1530.0,2022,ŘEPKA,4.48
NAD CIHELNOU,57600539680064144,1530.0,2023,PŠENICE OZ.,9.52
NAD CIHELNOU,57600539680064144,1530.0,2024,CUKROVKA,72.69
NAD LESÍK,52110787973497392,1377.0,2018,PŠENICE OZ.,6.53
NAD LESÍK,52110787973497392,1377.0,2019,PŠENICE OZ.,5.52
NAD LESÍK,52110787973497392,1377.0,2021,PŠENICE OZ.,7.95
NAD LESÍK,52110787973497392,1377.0,2022,JEČMEN J.,6.53
NAD LESÍK,52110787973497392,1377.0,2023,JEČMEN OZ.,9.15
NAD LESÍK,52110787973497392,1377.0,2024,ŘEPKA,1.23
NAD NÁDRAŽÍM,61640199515423440,1435.0,2017,JETEL NACHOVÝ,-
NAD NÁDRAŽÍM,61640199515423440,1435.0,2018,JETEL NACHOVÝ,-
NAD NÁDRAŽÍM,61640199515423440,1435.0,2019,ŘEPKA,3.64
NAD NÁDRAŽÍM,61640199515423440,1435.0,2020,PŠENICE OZ.,7.49
NAD NÁDRAŽÍM,61640199515423440,1435.0,2021,PŠENICE OZ.,7.3
NAD NÁDRAŽÍM,61640199515423440,1435.0,2022,LNIČKA,2.44
NAD NÁDRAŽÍM,61640199515423440,1435.0,2023,PŠENICE OZ.,9.31
NAD NÁDRAŽÍM,61640199515423440,1435.0,2024,PŠENICE OZ.,7.36
NÁDAVKA,57600387116450336,1378.0,2017,PŠENICE OZ.,4.35
NÁDAVKA,57600387116450336,1378.0,2018,JETEL NACHOVÝ,-
NÁDAVKA,57600387116450336,1378.0,2019,ŘEPKA,3.4
NÁDAVKA,57600387116450336,1378.0,2020,PŠENICE OZ.,7.66
NÁDAVKA,57600387116450336,1378.0,2021,PŠENICE OZ.,5.73
NÁDAVKA,57600387116450336,1378.0,2022,ŘEPKA,3.41
NÁDAVKA,57600387116450336,1378.0,2023,PŠENICE OZ.,8.56
NÁDAVKA,57600387116450336,1378.0,2024,PŠENICE OZ.,6.43
OKOPANÝ,57600690127651400,1532.0,2017,PŠENICE OZ.,7.92
OKOPANÝ,57600690127651400,1532.0,2018,SOJA,2.99
OKOPANÝ,57600690127651400,1532.0,2019,PŠENICE OZ.,7.24
OKOPANÝ,57600690127651400,1532.0,2020,ŘEPKA,3.84
OKOPANÝ,57600690127651400,1532.0,2021,CUKROVKA,59.1
OKOPANÝ,57600690127651400,1532.0,2022,JEČMEN J.,5.73
OKOPANÝ,57600690127651400,1532.0,2023,ŘEPKA,4.34
OKOPANÝ,57600690127651400,1532.0,2024,PŠENICE OZ.,8.72
OSKOŘÍNEK,52110787891708664,1533.0,2017,SOJA,3.39
OSKOŘÍNEK,52110787891708664,1533.0,2018,PŠENICE J.,5.13
OSKOŘÍNEK,52110787891708664,1533.0,2019,PŠENICE OZ.,6.37
OSKOŘÍNEK,52110787891708664,1533.0,2020,ŘEPKA,2.89
OSKOŘÍNEK,52110787891708664,1533.0,2021,PŠENICE OZ.,6.69
OSKOŘÍNEK,52110787891708664,1533.0,2022,JEČMEN J.,6.21
OSKOŘÍNEK,52110787891708664,1533.0,2023,ŘEPKA,3.71
OSKOŘÍNEK,52110787891708664,1533.0,2024,PŠENICE OZ.,6.44
OSKOŘÍNEK ND,57600690213634696,1534.0,2017,SOJA,3.92
OSKOŘÍNEK ND,57600690213634696,1534.0,2018,JEČMEN J.,5.21
OSKOŘÍNEK ND,57600690213634696,1534.0,2019,PŠENICE OZ.,6.35
OSKOŘÍNEK ND,57600690213634696,1534.0,2020,ŘEPKA,2.64
OSKOŘÍNEK ND,57600690213634696,1534.0,2021,PŠENICE OZ.,6.54
OSKOŘÍNEK ND,57600690213634696,1534.0,2022,JEČMEN J.,5.97
OSKOŘÍNEK ND,57600690213634696,1534.0,2023,ŘEPKA,3.58
OSKOŘÍNEK ND,57600690213634696,1534.0,2024,PŠENICE OZ.,5.61
OUPICKÁ,0,,2022,PŠENICE J.,5.68
OUPICKÁ,0,,2023,JETEL NACHOVÝ,ÚHOR
OUPICKÁ,0,,2024,JETEL NACHOVÝ,ÚHOR
OVČAČKA,57600733901505088,1480.0,2017,ŘEPKA,4.25
OVČAČKA,57600733901505088,1480.0,2018,PŠENICE OZ.,6.92
OVČAČKA,57600733901505088,1480.0,2019,SOJA,1.83
OVČAČKA,57600733901505088,1480.0,2020,PŠENICE OZ.,7.95
OVČAČKA,57600733901505088,1480.0,2021,CUKROVKA,71.1
OVČAČKA,57600733901505088,1480.0,2022,JEČMEN J.,4.89
OVČAČKA,57600733901505088,1480.0,2023,PŠENICE OZ.,8.38
OVČAČKA,57600733901505088,1480.0,2024,CUKROVKA,72.69
PASTVISČATA,52110787914777248,1535.0,2017,JEČMEN OZ.,7.19
PASTVISČATA,52110787914777248,1535.0,2018,ŘEPKA,2.32
PASTVISČATA,52110787914777248,1535.0,2019,PŠENICE OZ.,6.63
PASTVISČATA,52110787914777248,1535.0,2020,JEČMEN OZ.,9.1
PASTVISČATA,52110787914777248,1535.0,2021,ŘEPKA,3.64
PASTVISČATA,52110787914777248,1535.0,2022,PŠENICE OZ.,6.33
PASTVISČATA,52110787914777248,1535.0,2023,JEČMEN OZ.,6.68
PASTVISČATA,52110787914777248,1535.0,2024,Neznáma,5.83
Pocapsko 1,52110787910582912,1536.0,2018,JEČMEN J.,5.84
Pocapsko 1,52110787910582912,1536.0,2019,ŘEPKA,3.52
Pocapsko 1,52110787910582912,1536.0,2020,PŠENICE OZ.,7.62
Pocapsko 1,52110787910582912,1536.0,2021,PŠENICE J.,6.34
Pocapsko 1,52110787910582912,1536.0,2023,PŠENICE OZ.,9.87
Pocapsko 2,55535434379313920,1537.0,2018,JEČMEN J.,5.84
Pocapsko 2,55535434379313920,1537.0,2019,ŘEPKA,3.52
Pocapsko 2,55535434379313920,1537.0,2020,PŠENICE OZ.,7.62
Pocapsko 2,55535434379313920,1537.0,2021,PŠENICE J.,6.34
Pocapsko 2,55535434379313920,1537.0,2023,PŠENICE OZ.,9.87
POČÁPSKO VEČEŘOVÁ,55535434379313920,1538.0,2017,SOJA,2.52
POČÁPSKO VEČEŘOVÁ,55535434379313920,1538.0,2018,JEČMEN J.,4.1
POČÁPSKO VEČEŘOVÁ,55535434379313920,1538.0,2019,PŠENICE OZ.,5.8
POČÁPSKO VEČEŘOVÁ,55535434379313920,1538.0,2020,ŘEPKA,2.39
POČÁPSKO VEČEŘOVÁ,55535434379313920,1538.0,2021,PŠENICE OZ.,6.48
POČÁPSKO VEČEŘOVÁ,55535434379313920,1538.0,2022,JEČMEN J.,6.1
POČÁPSKO VEČEŘOVÁ,55535434379313920,1538.0,2023,ŘEPKA,3.75
POČÁPSKO VEČEŘOVÁ,55535434379313920,1538.0,2024,PŠENICE OZ.,5.97
POD CESTOU,61640199551075040,1572.0,2017,ŘEPKA,3.64
POD CESTOU,61640199551075040,1572.0,2018,PŠENICE OZ.,5.1
POD CESTOU,61640199551075040,1572.0,2019,SOJA,2.95
POD CESTOU,61640199551075040,1572.0,2020,PŠENICE OZ.,7.87
POD CESTOU,61640199551075040,1572.0,2021,PŠENICE OZ.,7.01
POD CESTOU,61640199551075040,1572.0,2022,SOJA,2.85
POD CESTOU,61640199551075040,1572.0,2023,PŠENICE OZ.,7.29
POD CESTOU,61640199551075040,1572.0,2024,SOJA,3.98
Pod chotuci 1,55535434375119576,1381.0,2017,PŠENICE OZ.,7.71
Pod chotuci 1,55535434375119576,1381.0,2018,ŘEPKA,3.9
Pod chotuci 1,55535434375119576,1381.0,2019,PŠENICE OZ.,6.11
Pod chotuci 1,55535434375119576,1381.0,2020,JEČMEN J.,6.25
Pod chotuci 1,55535434375119576,1381.0,2021,SOJA,3.25
Pod chotuci 1,55535434375119576,1381.0,2022,PŠENICE OZ.,6.99
Pod chotuci 1,55535434375119576,1381.0,2023,PŠENICE OZ.,9.68
Pod chotuci 1,55535434375119576,1381.0,2024,ŘEPKA,1.79
Pod Chotuci 2,57600483973415456,1539.0,2017,PŠENICE OZ.,7.71
Pod Chotuci 2,57600483973415456,1539.0,2018,ŘEPKA,3.9
Pod Chotuci 2,57600483973415456,1539.0,2019,PŠENICE OZ.,6.11
Pod Chotuci 2,57600483973415456,1539.0,2020,JEČMEN J.,6.25
Pod Chotuci 2,57600483973415456,1539.0,2021,SOJA,3.25
Pod Chotuci 2,57600483973415456,1539.0,2022,PŠENICE OZ.,6.99
Pod Chotuci 2,57600483973415456,1539.0,2023,PŠENICE OZ.,9.68
Pod Chotuci 2,57600483973415456,1539.0,2024,ŘEPKA,1.79
Pod chotuci 3,57600483973415464,1437.0,2017,PŠENICE OZ.,7.71
Pod chotuci 3,57600483973415464,1437.0,2018,ŘEPKA,3.9
Pod chotuci 3,57600483973415464,1437.0,2019,PŠENICE OZ.,6.11
Pod chotuci 3,57600483973415464,1437.0,2020,JEČMEN J.,6.25
Pod chotuci 3,57600483973415464,1437.0,2021,SOJA,3.25
Pod chotuci 3,57600483973415464,1437.0,2022,PŠENICE OZ.,6.99
Pod chotuci 3,57600483973415464,1437.0,2023,PŠENICE OZ.,9.68
Pod chotuci 3,57600483973415464,1437.0,2024,ŘEPKA,1.79
Pod Chotuci 4,57600483988095592,1540.0,2017,PŠENICE OZ.,7.71
Pod Chotuci 4,57600483988095592,1540.0,2018,ŘEPKA,3.9
Pod Chotuci 4,57600483988095592,1540.0,2019,PŠENICE OZ.,6.11
Pod Chotuci 4,57600483988095592,1540.0,2020,JEČMEN J.,6.25
Pod Chotuci 4,57600483988095592,1540.0,2021,SOJA,3.25
Pod Chotuci 4,57600483988095592,1540.0,2022,PŠENICE OZ.,6.99
Pod Chotuci 4,57600483988095592,1540.0,2023,PŠENICE OZ.,9.68
Pod Chotuci 4,57600483988095592,1540.0,2024,ŘEPKA,1.79
POD KÁLKEM,57600539594080896,1383.0,2017,ŘEPKA,3.18
POD KÁLKEM,57600539594080896,1383.0,2018,PŠENICE OZ.,5.24
POD KÁLKEM,57600539594080896,1383.0,2019,PŠENICE OZ.,6.48
POD KÁLKEM,57600539594080896,1383.0,2020,JEČMEN J.,5.21
POD KÁLKEM,57600539594080896,1383.0,2021,PŠENICE OZ.,7.42
POD KÁLKEM,57600539594080896,1383.0,2022,ŘEPKA,4.33
POD KÁLKEM,57600539594080896,1383.0,2023,PŠENICE OZ.,8.59
POD KÁLKEM,57600539594080896,1383.0,2024,SOJA,0.65
POD KOSTÝLEK,55535434385605168,1438.0,2017,PŠENICE OZ.,8.3
POD KOSTÝLEK,55535434385605168,1438.0,2018,JEČMEN J.,6.09
POD KOSTÝLEK,55535434385605168,1438.0,2019,ŘEPKA,3.86
POD KOSTÝLEK,55535434385605168,1438.0,2020,KUKUŘICE,3.76
POD KOSTÝLEK,55535434385605168,1438.0,2021,JEČMEN J.,4.86
POD KOSTÝLEK,55535434385605168,1438.0,2022,PŠENICE J.,4.57
POD KOSTÝLEK,55535434385605168,1438.0,2023,PŠENICE J.,3.86
POD KOSTÝLEK,55535434385605168,1438.0,2024,PŠENICE OZ.,6.81
POD KRAVÍNEM,57600690117165568,1542.0,2017,ŘEPKA,3.59
POD KRAVÍNEM,57600690117165568,1542.0,2018,PŠENICE OZ.,7.54
POD KRAVÍNEM,57600690117165568,1542.0,2019,JEČMEN OZ.,8.14
POD KRAVÍNEM,57600690117165568,1542.0,2020,ŘEPKA,4.11
POD KRAVÍNEM,57600690117165568,1542.0,2021,PŠENICE OZ.,8.78
POD KRAVÍNEM,57600690117165568,1542.0,2022,PŠENICE OZ.,7.33
POD KRAVÍNEM,57600690117165568,1542.0,2023,PŠENICE J.,3.5
POD KRAVÍNEM,57600690117165568,1542.0,2024,PŠENICE OZ.,7.79
Pod Lesik 1.,57600773241979512,1543.0,2017,SOJA,4.29
Pod Lesik 1.,57600773241979512,1543.0,2018,PŠENICE J.,5.95
Pod Lesik 1.,57600773241979512,1543.0,2019,PŠENICE OZ.,7.19
Pod Lesik 1.,57600773241979512,1543.0,2020,PŠENICE OZ.,7.77
Pod Lesik 1.,57600773241979512,1543.0,2021,ŘEPKA,3.26
Pod Lesik 1.,57600773241979512,1543.0,2022,PŠENICE OZ.,7.62
Pod Lesik 1.,57600773241979512,1543.0,2023,CUKROVKA,158.22
Pod Lesik 1.,57600773241979512,1543.0,2024,KUKUŘICE,13.68
Pod Lesik 2.,57600773241979504,1544.0,2017,SOJA,4.29
Pod Lesik 2.,57600773241979504,1544.0,2018,PŠENICE J.,5.95
Pod Lesik 2.,57600773241979504,1544.0,2019,PŠENICE OZ.,7.19
Pod Lesik 2.,57600773241979504,1544.0,2020,PŠENICE OZ.,7.77
Pod Lesik 2.,57600773241979504,1544.0,2021,ŘEPKA,3.26
Pod Lesik 2.,57600773241979504,1544.0,2022,PŠENICE OZ.,7.62
Pod Lesik 2.,57600773241979504,1544.0,2023,CUKROVKA,158.22
Pod Lesik 2.,57600773241979504,1544.0,2024,KUKUŘICE,13.68
Pod Lesik 3.,57600773241979496,1545.0,2017,SOJA,4.29
Pod Lesik 3.,57600773241979496,1545.0,2018,PŠENICE J.,5.95
Pod Lesik 3.,57600773241979496,1545.0,2019,PŠENICE OZ.,7.19
Pod Lesik 3.,57600773241979496,1545.0,2020,PŠENICE OZ.,7.77
Pod Lesik 3.,57600773241979496,1545.0,2021,ŘEPKA,3.26
Pod Lesik 3.,57600773241979496,1545.0,2022,PŠENICE OZ.,7.62
Pod Lesik 3.,57600773241979496,1545.0,2023,CUKROVKA,158.22
Pod Lesik 3.,57600773241979496,1545.0,2024,KUKUŘICE,13.68
POD OŘECHY,52110787921068768,1439.0,2017,PŠENICE OZ.,10.1
POD OŘECHY,52110787921068768,1439.0,2018,SLUNEČNICE,3.13
POD OŘECHY,52110787921068768,1439.0,2019,PŠENICE OZ.,5.13
POD OŘECHY,52110787921068768,1439.0,2020,PŠENICE OZ.,7.34
POD OŘECHY,52110787921068768,1439.0,2021,SOJA,2.72
POD OŘECHY,52110787921068768,1439.0,2022,PŠENICE OZ.,8.01
POD OŘECHY,52110787921068768,1439.0,2023,PŠENICE OZ.,8.57
POD OŘECHY,52110787921068768,1439.0,2024,JETEL NACHOVÝ,0.71
POD VEPŘÍN,57818656905642728,1547.0,2017,ŘEPKA,2.58
POD VEPŘÍN,57818656905642728,1547.0,2018,PŠENICE OZ.,5.92
POD VEPŘÍN,57818656905642728,1547.0,2019,JEČMEN OZ.,7.95
POD VEPŘÍN,57818656905642728,1547.0,2020,ŘEPKA,3.43
POD VEPŘÍN,57818656905642728,1547.0,2021,PŠENICE OZ.,7.02
POD VEPŘÍN,57818656905642728,1547.0,2022,POHANKA,1.5
POD VEPŘÍN,57818656905642728,1547.0,2023,PŠENICE OZ.,6.5
POD VEPŘÍN,57818656905642728,1547.0,2024,JETEL NACHOVÝ,1.02
Podluzansky kopec 1.,57600425045541592,1441.0,2017,PŠENICE OZ.,8.53
Podluzansky kopec 1.,57600425045541592,1441.0,2018,ŘEPKA,3.42
Podluzansky kopec 1.,57600425045541592,1441.0,2019,PŠENICE OZ.,0.7
Podluzansky kopec 1.,57600425045541592,1441.0,2020,PŠENICE OZ.,7.53
Podluzansky kopec 1.,57600425045541592,1441.0,2021,ŘEPKA,2.43
Podluzansky kopec 1.,57600425045541592,1441.0,2022,PŠENICE OZ.,7.43
Podluzansky kopec 1.,57600425045541592,1441.0,2024,JETEL NACHOVÝ,VOJTĚŠKA
Podluzansky kopec 2.,52110787918971600,1442.0,2017,PŠENICE OZ.,8.53
Podluzansky kopec 2.,52110787918971600,1442.0,2018,ŘEPKA,3.42
Podluzansky kopec 2.,52110787918971600,1442.0,2019,PŠENICE OZ.,0.7
Podluzansky kopec 2.,52110787918971600,1442.0,2020,PŠENICE OZ.,7.53
Podluzansky kopec 2.,52110787918971600,1442.0,2021,ŘEPKA,2.43
Podluzansky kopec 2.,52110787918971600,1442.0,2022,PŠENICE OZ.,7.43
Podluzansky kopec 2.,52110787918971600,1442.0,2024,JETEL NACHOVÝ,VOJTĚŠKA
PRŮHON DOUBRAVANY,59754373865030160,1444.0,2017,PŠENICE OZ.,6.86
PRŮHON DOUBRAVANY,59754373865030160,1444.0,2018,JEČMEN OZ.,5.4
PRŮHON DOUBRAVANY,59754373865030160,1444.0,2019,ŘEPKA,3.5
PRŮHON DOUBRAVANY,59754373865030160,1444.0,2020,PŠENICE OZ.,7.72
PRŮHON DOUBRAVANY,59754373865030160,1444.0,2021,JEČMEN OZ.,6.68
PRŮHON DOUBRAVANY,59754373865030160,1444.0,2022,PŠENICE J.,3.7
PRŮHON DOUBRAVANY,59754373865030160,1444.0,2023,ŘEPKA,3.78
PRŮHON DOUBRAVANY,59754373865030160,1444.0,2024,PŠENICE J.,5.6
PRŮHON PODLUŽANY,61640199490257608,1445.0,2017,PŠENICE OZ.,7.87
PRŮHON PODLUŽANY,61640199490257608,1445.0,2018,JEČMEN OZ.,5.4
PRŮHON PODLUŽANY,61640199490257608,1445.0,2019,ŘEPKA,2.99
PRŮHON PODLUŽANY,61640199490257608,1445.0,2020,PŠENICE OZ.,6.35
PRŮHON PODLUŽANY,61640199490257608,1445.0,2021,JEČMEN OZ.,7.2
PRŮHON PODLUŽANY,61640199490257608,1445.0,2022,ŘEPKA,1.74
PRŮHON PODLUŽANY,61640199490257608,1445.0,2023,PŠENICE OZ.,9.06
PRŮHON PODLUŽANY,61640199490257608,1445.0,2024,JETEL NACHOVÝ,0.73
PŘED NÁHONEM,52110787845571288,1443.0,2017,PŠENICE OZ.,8.75
PŘED NÁHONEM,52110787845571288,1443.0,2018,SLUNEČNICE,3.21
PŘED NÁHONEM,52110787845571288,1443.0,2019,JETEL NACHOVÝ,-
PŘED NÁHONEM,52110787845571288,1443.0,2020,PŠENICE OZ.,6.81
PŘED NÁHONEM,52110787845571288,1443.0,2021,PŠENICE J.,4.95
PŘED NÁHONEM,52110787845571288,1443.0,2022,KUKUŘICE,8.04
PŘED NÁHONEM,52110787845571288,1443.0,2023,SLUNEČNICE,3.19
PŘED NÁHONEM,52110787845571288,1443.0,2024,KUKUŘICE,12.56
Rasinov 1,59754456943706672,1446.0,2017,PŠENICE OZ.,6.86
Rasinov 1,59754456943706672,1446.0,2018,PŠENICE OZ.,5.81
Rasinov 1,59754456943706672,1446.0,2019,ŘEPKA,3.52
Rasinov 1,59754456943706672,1446.0,2020,PŠENICE OZ.,8.96
Rasinov 1,59754456943706672,1446.0,2021,PŠENICE OZ.,8.16
Rasinov 1,59754456943706672,1446.0,2022,ŘEPKA,4.05
Rasinov 1,59754456943706672,1446.0,2023,PŠENICE OZ.,9.79
Rasinov 2,55535434368828064,1447.0,2017,PŠENICE OZ.,6.86
Rasinov 2,55535434368828064,1447.0,2018,PŠENICE OZ.,5.81
Rasinov 2,55535434368828064,1447.0,2019,ŘEPKA,3.52
Rasinov 2,55535434368828064,1447.0,2020,PŠENICE OZ.,8.96
Rasinov 2,55535434368828064,1447.0,2021,PŠENICE OZ.,8.16
Rasinov 2,55535434368828064,1447.0,2022,ŘEPKA,4.05
Rasinov 2,55535434368828064,1447.0,2023,PŠENICE OZ.,9.79
Rasinov 3,52110787870737000,1448.0,2017,PŠENICE OZ.,6.86
Rasinov 3,52110787870737000,1448.0,2018,PŠENICE OZ.,5.81
Rasinov 3,52110787870737000,1448.0,2019,ŘEPKA,3.52
Rasinov 3,52110787870737000,1448.0,2020,PŠENICE OZ.,8.96
Rasinov 3,52110787870737000,1448.0,2021,PŠENICE OZ.,8.16
Rasinov 3,52110787870737000,1448.0,2022,ŘEPKA,4.05
Rasinov 3,52110787870737000,1448.0,2023,PŠENICE OZ.,9.79
RYBNÍK,52110787971400232,1454.0,2017,JEČMEN J.,6.14
RYBNÍK,52110787971400232,1454.0,2018,SOJA,1.79
RYBNÍK,52110787971400232,1454.0,2019,PŠENICE OZ.,6.4
RYBNÍK,52110787971400232,1454.0,2020,ŘEPKA,2.57
RYBNÍK,52110787971400232,1454.0,2021,PŠENICE OZ.,4.36
RYBNÍK,52110787971400232,1454.0,2022,JEČMEN J.,4.68
RYBNÍK,52110787971400232,1454.0,2023,ŘEPKA,3.45
RYBNÍK,52110787971400232,1454.0,2024,PŠENICE OZ.,7.57
Ridky 1,55535434381410840,1450.0,2017,JEČMEN OZ.,7.91
Ridky 1,55535434381410840,1450.0,2018,ŘEPKA,3.28
Ridky 1,55535434381410840,1450.0,2019,PŠENICE OZ.,6.44
Ridky 1,55535434381410840,1450.0,2020,JEČMEN OZ.,9.04
Ridky 1,55535434381410840,1450.0,2021,ŘEPKA,3.48
Ridky 1,55535434381410840,1450.0,2022,PŠENICE OZ.,6.71
Ridky 1,55535434381410840,1450.0,2023,JEČMEN OZ.,9.05
Ridky 1,55535434381410840,1450.0,2024,ŘEPKA,2.34
"SOKOLEC, ZA SOKOLCEM",57599942895616560,1388.0,2017,ŘEPKA,4.35
"SOKOLEC, ZA SOKOLCEM",57599942895616560,1388.0,2018,PŠENICE OZ.,4.03
"SOKOLEC, ZA SOKOLCEM",57599942895616560,1388.0,2019,KUKUŘICE,KUKUŘICE
"SOKOLEC, ZA SOKOLCEM",57599942895616560,1388.0,2020,JEČMEN J.,4.79
"SOKOLEC, ZA SOKOLCEM",57599942895616560,1388.0,2021,PŠENICE OZ.,6.17
"SOKOLEC, ZA SOKOLCEM",57599942895616560,1388.0,2022,LEN,2.22
"SOKOLEC, ZA SOKOLCEM",57599942895616560,1388.0,2023,PŠENICE OZ.,6.86
"SOKOLEC, ZA SOKOLCEM",57599942895616560,1388.0,2024,SOJA,3.57
STRÁŇ BÍLÁ,52110787948331688,1389.0,2017,PŠENICE OZ.,4.18
STRÁŇ BÍLÁ,52110787948331688,1389.0,2018,ŘEPKA,2.9
STRÁŇ BÍLÁ,52110787948331688,1389.0,2019,PŠENICE OZ.,7.86
STRÁŇ BÍLÁ,52110787948331688,1389.0,2020,PŠENICE OZ.,8.7
STRÁŇ BÍLÁ,52110787948331688,1389.0,2021,ŘEPKA,3.38
STRÁŇ BÍLÁ,52110787948331688,1389.0,2022,Neznáma,1.16
STRÁŇ BÍLÁ,52110787948331688,1389.0,2023,PŠENICE OZ.,9.15
STRÁŇ BÍLÁ,52110787948331688,1389.0,2024,ŘEPKA,2.74
Stran horni 1,55535434347856640,1552.0,2017,PŠENICE OZ.,6.68
Stran horni 1,55535434347856640,1552.0,2018,ŘEPKA,3.83
Stran horni 1,55535434347856640,1552.0,2019,PŠENICE OZ.,6.73
Stran horni 1,55535434347856640,1552.0,2020,PŠENICE OZ.,5.62
Stran horni 1,55535434347856640,1552.0,2021,PŠENICE OZ.,7.21
Stran horni 1,55535434347856640,1552.0,2023,PŠENICE OZ.,10.31
Stran horni 1,55535434347856640,1552.0,2024,ŘEPKA,3.04
STRÁŇ SPODNÍ,59754373869224488,1553.0,2017,PŠENICE OZ.,6.13
STRÁŇ SPODNÍ,59754373869224488,1553.0,2018,ŘEPKA,3.69
STRÁŇ SPODNÍ,59754373869224488,1553.0,2019,PŠENICE OZ.,6.8
STRÁŇ SPODNÍ,59754373869224488,1553.0,2020,PŠENICE OZ.,7.6
STRÁŇ SPODNÍ,59754373869224488,1553.0,2021,ŘEPKA,3.25
STRÁŇ SPODNÍ,59754373869224488,1553.0,2022,PŠENICE OZ.,5.69
STRÁŇ SPODNÍ,59754373869224488,1553.0,2023,ŘEPKA,3.6
SUŠÍRNA,57600257237729920,1554.0,2017,PŠENICE OZ.,8.7
SUŠÍRNA,57600257237729920,1554.0,2018,PŠENICE OZ.,4.84
SUŠÍRNA,57600257237729920,1554.0,2019,ŘEPKA,3.58
SUŠÍRNA,57600257237729920,1554.0,2021,PŠENICE OZ.,7.16
SUŠÍRNA,57600257237729920,1554.0,2022,ŘEPKA,3.48
SUŠÍRNA,57600257237729920,1554.0,2023,PŠENICE OZ.,8.56
SUŠÍRNA,57600257237729920,1554.0,2024,ŘEPKA,2.5
ŠEDESÁTKA,0,,2017,PŠENICE OZ.,4.03
ŠEDESÁTKA,0,,2018,ŘEPKA,3.82
ŠEDESÁTKA,0,,2019,PŠENICE OZ.,6.51
ŠEDESÁTKA,0,,2020,PŠENICE OZ.,7.41
ŠEDESÁTKA,0,,2021,ŘEPKA,3.33
ŠEDESÁTKA,0,,2022,PŠENICE OZ.,7.14
ŠEDESÁTKA,0,,2023,PŠENICE OZ.,7.44
TÁBOR,52110787868639824,1555.0,2017,PŠENICE OZ.,8.39
TÁBOR,52110787868639824,1555.0,2018,SOJA,2.46
TÁBOR,52110787868639824,1555.0,2019,PŠENICE OZ.,7.4
TÁBOR,52110787868639824,1555.0,2020,ŘEPKA,2.69
TÁBOR,52110787868639824,1555.0,2021,PŠENICE OZ.,7.71
TÁBOR,52110787868639824,1555.0,2022,PŠENICE OZ.,6.67
TÁBOR,52110787868639824,1555.0,2023,ŘEPKA,3.46
TÁBOR,52110787868639824,1555.0,2024,PŠENICE OZ.,8.07
TABULKY,52110788032217680,1556.0,2017,JEČMEN J.,4.85
TABULKY,52110788032217680,1556.0,2018,ŘEPKA,3.48
TABULKY,52110788032217680,1556.0,2019,PŠENICE OZ.,6.28
TABULKY,52110788032217680,1556.0,2020,PŠENICE OZ.,7.33
TABULKY,52110788032217680,1556.0,2021,ŘEPKA,1.78
TABULKY,52110788032217680,1556.0,2022,PŠENICE OZ.,7.15
TABULKY,52110788032217680,1556.0,2023,PŠENICE OZ.,8.21
TABULKY,52110788032217680,1556.0,2024,SOJA,4.81
TRUBA,55535434356245056,1557.0,2017,PŠENICE OZ.,8.11
TRUBA,55535434356245056,1557.0,2018,JETEL NACHOVÝ,-
TRUBA,55535434356245056,1557.0,2019,JEČMEN J.,6.79
TRUBA,55535434356245056,1557.0,2021,JEČMEN J.,5.88
TRUBA,55535434356245056,1557.0,2022,JEČMEN OZ.,8.92
TRUBA,55535434356245056,1557.0,2023,ŘEPKA,4.07
TRUBA,55535434356245056,1557.0,2024,PŠENICE OZ.,7.2
TŘEBOŇ HOLE,57600773262951120,1393.0,2017,JETEL NACHOVÝ,-
TŘEBOŇ HOLE,57600773262951120,1393.0,2018,JETEL NACHOVÝ,-
TŘEBOŇ HOLE,57600773262951120,1393.0,2019,JETEL NACHOVÝ,-
TŘEBOŇ HOLE,57600773262951120,1393.0,2020,JETEL NACHOVÝ,-
TŘEBOŇ HOLE,57600773262951120,1393.0,2021,Neznáma,2.05
TŘEBOŇ HOLE,57600773262951120,1393.0,2022,JEČMEN OZ.,7.27
TŘEBOŇ HOLE,57600773262951120,1393.0,2023,JETEL NACHOVÝ,ÚHOR
TŘEBOŇ HOLE,57600773262951120,1393.0,2024,KUKUŘICE,7.42
TŘEBOŇ HOLE,57600773262951128,1394.0,2017,JETEL NACHOVÝ,-
TŘEBOŇ HOLE,57600773262951128,1394.0,2018,JETEL NACHOVÝ,-
TŘEBOŇ HOLE,57600773262951128,1394.0,2019,JETEL NACHOVÝ,-
TŘEBOŇ HOLE,57600773262951128,1394.0,2020,JETEL NACHOVÝ,-
TŘEBOŇ HOLE,57600773262951128,1394.0,2021,Neznáma,2.05
TŘEBOŇ HOLE,57600773262951128,1394.0,2022,JEČMEN OZ.,7.27
TŘEBOŇ HOLE,57600773262951128,1394.0,2023,JETEL NACHOVÝ,ÚHOR
TŘEBOŇ HOLE,57600773262951128,1394.0,2024,KUKUŘICE,7.42
TUZAROVO,57600028960637568,1395.0,2017,PŠENICE OZ.,9.36
TUZAROVO,57600028960637568,1395.0,2018,SLUNEČNICE,3.68
TUZAROVO,57600028960637568,1395.0,2019,JETEL NACHOVÝ,-
TUZAROVO,57600028960637568,1395.0,2020,PŠENICE OZ.,7.3
TUZAROVO,57600028960637568,1395.0,2021,PŠENICE J.,6.18
TUZAROVO,57600028960637568,1395.0,2022,KUKUŘICE,8.04
TUZAROVO,57600028960637568,1395.0,2023,KUKUŘICE,6.89
TUZAROVO,57600028960637568,1395.0,2024,SOJA,4.41
TŮŇ,0,,2017,PŠENICE OZ.,4.39
TŮŇ,0,,2018,JETEL NACHOVÝ,-
TŮŇ,0,,2019,ŘEPKA,3.48
TŮŇ,0,,2020,PŠENICE OZ.,6.69
TŮŇ,0,,2021,PŠENICE OZ.,5.73
TŮŇ,0,,2022,ŘEPKA,3.41
TŮŇ,0,,2023,PŠENICE OZ.,6.85
TŮŇ,0,,2024,PŠENICE OZ.,5.44
U ČARODEJNIC,52110787889611496,1396.0,2017,PŠENICE OZ.,7.56
U ČARODEJNIC,52110787889611496,1396.0,2018,PŠENICE OZ.,5.55
U ČARODEJNIC,52110787889611496,1396.0,2019,ŘEPKA,3.16
U ČARODEJNIC,52110787889611496,1396.0,2020,PŠENICE OZ.,6.42
U ČARODEJNIC,52110787889611496,1396.0,2021,PŠENICE OZ.,7.04
U ČARODEJNIC,52110787889611496,1396.0,2022,PŠENICE OZ.,5.1
U ČARODEJNIC,52110787889611496,1396.0,2023,ŘEPKA,4.08
U ČARODEJNIC,52110787889611496,1396.0,2024,PŠENICE OZ.,8.37
U HÁJENKY,55535434354147888,1398.0,2017,PŠENICE OZ.,4.87
U HÁJENKY,55535434354147888,1398.0,2018,JEČMEN OZ.,5.87
U HÁJENKY,55535434354147888,1398.0,2019,ŘEPKA,3.09
U HÁJENKY,55535434354147888,1398.0,2020,PŠENICE OZ.,9
U HÁJENKY,55535434354147888,1398.0,2021,JEČMEN OZ.,7.56
U HÁJENKY,55535434354147888,1398.0,2022,PŠENICE OZ.,6.21
U HÁJENKY,55535434354147888,1398.0,2023,ŘEPKA,3.73
U HÁJENKY,55535434354147888,1398.0,2024,PŠENICE OZ.,6.79
U KŮLEN,52110787944137336,1399.0,2017,PŠENICE OZ.,7.02
U KŮLEN,52110787944137336,1399.0,2018,PŠENICE OZ.,4.83
U KŮLEN,52110787944137336,1399.0,2019,ŘEPKA,3.76
U KŮLEN,52110787944137336,1399.0,2020,PŠENICE OZ.,7.54
U KŮLEN,52110787944137336,1399.0,2021,CUKROVKA,91.5
U KŮLEN,52110787944137336,1399.0,2022,JEČMEN J.,5.96
U KŮLEN,52110787944137336,1399.0,2023,PŠENICE OZ.,9.64
U KŮLEN,52110787944137336,1399.0,2024,ŘEPKA,2.27
U VODÁRNY,0,,2017,PŠENICE OZ.,8
U VODÁRNY,0,,2018,SLUNEČNICE,2.64
U VODÁRNY,0,,2019,PŠENICE OZ.,6.91
U VODÁRNY,0,,2020,JEČMEN J.,5.88
U VODÁRNY,0,,2021,ŘEPKA,3.35
U VODÁRNY,0,,2022,PŠENICE OZ.,7.35
U VODÁRNY,0,,2023,PŠENICE OZ.,7.45
U VODÁRNY,0,,2024,SOJA,3.97
VÁHA,57600425045541592,1400.0,2017,JEČMEN OZ.,6.1
VÁHA,57600425045541592,1400.0,2018,ŘEPKA,2.55
VÁHA,57600425045541592,1400.0,2019,PŠENICE OZ.,7
VÁHA,57600425045541592,1400.0,2020,JEČMEN OZ.,8.39
VÁHA,57600425045541592,1400.0,2021,Neznáma,0.96
VÁHA,57600425045541592,1400.0,2022,PŠENICE OZ.,5.69
VÁHA,57600425045541592,1400.0,2023,JEČMEN OZ.,6.53
VÁHA,57600425045541592,1400.0,2024,OVES,6.15
Ve Sranku 1,57600690119262736,1401.0,2017,JEČMEN J.,6.03
Ve Sranku 1,57600690119262736,1401.0,2018,SLUNEČNICE,3.61
Ve Sranku 1,57600690119262736,1401.0,2019,PŠENICE OZ.,6.6
Ve Sranku 1,57600690119262736,1401.0,2020,PŠENICE OZ.,8.51
Ve Sranku 1,57600690119262736,1401.0,2021,SOJA,2
Ve Sranku 1,57600690119262736,1401.0,2022,PŠENICE OZ.,8.09
Ve Sranku 1,57600690119262736,1401.0,2023,PŠENICE OZ.,6.73
Ve Sranku 1,57600690119262736,1401.0,2024,JETEL NACHOVÝ,1.43
Ve Sranku 2,55535434377216752,1402.0,2017,JEČMEN J.,6.03
Ve Sranku 2,55535434377216752,1402.0,2018,SLUNEČNICE,3.61
Ve Sranku 2,55535434377216752,1402.0,2019,PŠENICE OZ.,6.6
Ve Sranku 2,55535434377216752,1402.0,2020,PŠENICE OZ.,8.51
Ve Sranku 2,55535434377216752,1402.0,2021,SOJA,2
Ve Sranku 2,55535434377216752,1402.0,2022,PŠENICE OZ.,8.09
Ve Sranku 2,55535434377216752,1402.0,2023,PŠENICE OZ.,6.73
Ve Sranku 2,55535434377216752,1402.0,2024,JETEL NACHOVÝ,1.43
VEJMELE,57600483971318296,1403.0,2017,PŠENICE OZ.,8
VEJMELE,57600483971318296,1403.0,2018,PŠENICE OZ.,5.71
VEJMELE,57600483971318296,1403.0,2019,ŘEPKA,3.39
VEJMELE,57600483971318296,1403.0,2020,PŠENICE OZ.,7.3
VEJMELE,57600483971318296,1403.0,2022,Neznáma,1.16
VELKÁ HORKA,57599942904005200,1405.0,2017,PŠENICE OZ.,7.24
VELKÁ HORKA,57599942904005200,1405.0,2018,ŘEPKA,3.32
VELKÁ HORKA,57599942904005200,1405.0,2019,PŠENICE OZ.,5.66
VELKÁ HORKA,57599942904005200,1405.0,2020,PŠENICE OZ.,7.53
VELKÁ HORKA,57599942904005200,1405.0,2022,JEČMEN J.,6
VELKÁ HORKA,57599942904005200,1405.0,2023,PŠENICE OZ.,7.42
VELKÁ HORKA,57599942904005200,1405.0,2024,SOJA,3.28
VELKÝ KAMENEC,57599942899810880,1407.0,2017,ŘEPKA,3.99
VELKÝ KAMENEC,57599942899810880,1407.0,2018,PŠENICE OZ.,5.63
VELKÝ KAMENEC,57599942899810880,1407.0,2019,PŠENICE OZ.,4.56
VELKÝ KAMENEC,57599942899810880,1407.0,2020,SOJA,2.71
VELKÝ KAMENEC,57599942899810880,1407.0,2021,PŠENICE J.,7.14
VELKÝ KAMENEC,57599942899810880,1407.0,2022,PŠENICE OZ.,6.79
VELKÝ KAMENEC,57599942899810880,1407.0,2023,PŠENICE OZ.,8
VELKÝ KAMENEC 2,57600690215731856,1408.0,2017,ŘEPKA,3.99
VELKÝ KAMENEC 2,57600690215731856,1408.0,2018,PŠENICE OZ.,5.63
VELKÝ KAMENEC 2,57600690215731856,1408.0,2019,PŠENICE OZ.,4.56
VELKÝ KAMENEC 2,57600690215731856,1408.0,2020,SOJA,2.71
VELKÝ KAMENEC 2,57600690215731856,1408.0,2021,PŠENICE J.,7.14
VELKÝ KAMENEC 2,57600690215731856,1408.0,2022,PŠENICE OZ.,6.79
VELKÝ KAMENEC 2,57600690215731856,1408.0,2023,PŠENICE OZ.,8
Velky Klaster,59754373867127328,1562.0,2017,SOJA,3.83
Velky Klaster,59754373867127328,1562.0,2018,PŠENICE J.,4.99
Velky Klaster,59754373867127328,1562.0,2019,PŠENICE OZ.,6.47
Velky Klaster,59754373867127328,1562.0,2020,PŠENICE OZ.,7.68
Velky Klaster,59754373867127328,1562.0,2021,SOJA,3.18
Velky Klaster,59754373867127328,1562.0,2022,PŠENICE OZ.,7.63
Velky Klaster,59754373867127328,1562.0,2023,PŠENICE OZ.,9.06
Velky Klaster 1,59754373862933000,1563.0,2017,SOJA,3.83
Velky Klaster 1,59754373862933000,1563.0,2018,PŠENICE J.,4.99
Velky Klaster 1,59754373862933000,1563.0,2019,PŠENICE OZ.,6.47
Velky Klaster 1,59754373862933000,1563.0,2020,PŠENICE OZ.,7.68
Velky Klaster 1,59754373862933000,1563.0,2021,SOJA,3.18
Velky Klaster 1,59754373862933000,1563.0,2022,PŠENICE OZ.,7.63
Velky Klaster 1,59754373862933000,1563.0,2023,PŠENICE OZ.,9.06
Velky kus 1,59882910792041024,1457.0,2017,SLUNEČNICE,3.83
Velky kus 1,59882910792041024,1457.0,2018,JEČMEN J.,5.04
Velky kus 1,59882910792041024,1457.0,2019,PŠENICE OZ.,6.18
Velky kus 1,59882910792041024,1457.0,2020,SOJA,2.3
Velky kus 1,59882910792041024,1457.0,2021,PŠENICE OZ.,6.55
Velky kus 1,59882910792041024,1457.0,2022,JEČMEN OZ.,9.16
Velky kus 1,59882910792041024,1457.0,2023,ŘEPKA,4.24
Velky kus 1,59882910792041024,1457.0,2024,PŠENICE OZ.,6.86
Velky kus 2,55535434385605168,1409.0,2017,SLUNEČNICE,3.83
Velky kus 2,55535434385605168,1409.0,2018,JEČMEN J.,5.04
Velky kus 2,55535434385605168,1409.0,2019,PŠENICE OZ.,6.18
Velky kus 2,55535434385605168,1409.0,2020,SOJA,2.3
Velky kus 2,55535434385605168,1409.0,2021,PŠENICE OZ.,6.55
Velky kus 2,55535434385605168,1409.0,2022,JEČMEN OZ.,9.16
Velky kus 2,55535434385605168,1409.0,2023,ŘEPKA,4.24
Velky kus 2,55535434385605168,1409.0,2024,PŠENICE OZ.,6.86
VRBIČKY,55535434293330480,1564.0,2017,JEČMEN J.,4.1
VRBIČKY,55535434293330480,1564.0,2018,PŠENICE OZ.,5.9
VRBIČKY,55535434293330480,1564.0,2019,PŠENICE OZ.,7.67
VRBIČKY,55535434293330480,1564.0,2021,JEČMEN J.,6.05
VRBIČKY,55535434293330480,1564.0,2022,CUKROVKA,86.24
VRBIČKY,55535434293330480,1564.0,2023,PŠENICE J.,5.56
VRBIČKY,55535434293330480,1564.0,2024,LNIČKA,1.21
VRŠKA,0,,2017,SOJA,3.38
VRŠKA,0,,2021,PŠENICE OZ.,7.2
VRŠKA,0,,2022,PŠENICE OZ.,7.25
VRŠKA,0,,2023,CUKROVKA,132.22
VRŠKA,0,,2024,KUKUŘICE,14
VYDŘENEC,0,,2017,PŠENICE OZ.,8.39
VYDŘENEC,0,,2018,SOJA,2.46
VYDŘENEC,0,,2019,PŠENICE OZ.,7.4
VYDŘENEC,0,,2020,ŘEPKA,2.69
VYDŘENEC,0,,2021,PŠENICE OZ.,7.34
VYDŘENEC,0,,2022,PŠENICE OZ.,6.03
VYDŘENEC,0,,2023,ŘEPKA,3.7
VYDŘENEC,0,,2024,PŠENICE OZ.,7.9
ZA DRAHOU,55535434293330480,1564.0,2017,JETEL NACHOVÝ,-
ZA DRAHOU,55535434293330480,1564.0,2018,JETEL NACHOVÝ,-
ZA DRAHOU,55535434293330480,1564.0,2019,JETEL NACHOVÝ,-
ZA DRAHOU,55535434293330480,1564.0,2020,JETEL NACHOVÝ,-
ZA DRAHOU,55535434293330480,1564.0,2021,PŠENICE OZ.,6.68
ZA DRAHOU,55535434293330480,1564.0,2022,PŠENICE OZ.,5.95
ZA DRAHOU,55535434293330480,1564.0,2023,KUKUŘICE,11.2
ZA DRAHOU,55535434293330480,1564.0,2024,SOJA,3.92
Za Langrova 1,52110787963011840,1411.0,2017,SOJA,4.04
Za Langrova 1,52110787963011840,1411.0,2018,PŠENICE OZ.,6.01
Za Langrova 1,52110787963011840,1411.0,2019,PŠENICE OZ.,6.9
Za Langrova 1,52110787963011840,1411.0,2021,JEČMEN J.,5.58
Za Langrova 1,52110787963011840,1411.0,2022,PŠENICE OZ.,6.66
Za Langrova 1,52110787963011840,1411.0,2023,SOJA,4.09
Za Langrova 1,52110787963011840,1411.0,2024,PŠENICE OZ.,7.53
Za Langrova 2,52110787996566152,1412.0,2017,SOJA,4.04
Za Langrova 2,52110787996566152,1412.0,2018,PŠENICE OZ.,6.01
Za Langrova 2,52110787996566152,1412.0,2019,PŠENICE OZ.,6.9
Za Langrova 2,52110787996566152,1412.0,2021,JEČMEN J.,5.58
Za Langrova 2,52110787996566152,1412.0,2022,PŠENICE OZ.,6.66
Za Langrova 2,52110787996566152,1412.0,2023,SOJA,4.09
Za Langrova 2,52110787996566152,1412.0,2024,PŠENICE OZ.,7.53
ZA MOSTKY,0,,2017,PŠENICE OZ.,6.76
ZA MOSTKY,0,,2018,SOJA,2.09
ZA MOSTKY,0,,2019,PŠENICE OZ.,5.73
ZA MOSTKY,0,,2020,ŘEPKA,2.97
ZA MOSTKY,0,,2021,PŠENICE OZ.,7.07
ZA MOSTKY,0,,2022,PŠENICE OZ.,6.97
ZA MOSTKY,0,,2023,SOJA,4.18
ZA MOSTKY,0,,2024,PŠENICE OZ.,7.71
ZA NOVÁKOVA,61640199580435192,1413.0,2017,PŠENICE OZ.,7.95
ZA NOVÁKOVA,61640199580435192,1413.0,2018,PŠENICE OZ.,6.39
ZA NOVÁKOVA,61640199580435192,1413.0,2019,ŘEPKA,3.57
ZA NOVÁKOVA,61640199580435192,1413.0,2021,PŠENICE OZ.,7.6
ZA NOVÁKOVA,61640199580435192,1413.0,2022,PŠENICE OZ.,5.86
ZA NOVÁKOVA,61640199580435192,1413.0,2023,JETEL NACHOVÝ,0.33
ZA NOVÁKOVA,61640199580435192,1413.0,2024,PŠENICE OZ.,5.92
ZA ODHÁNĚLOVA,52110787925263088,1415.0,2017,PŠENICE OZ.,8.37
ZA ODHÁNĚLOVA,52110787925263088,1415.0,2018,SLUNEČNICE,2.5
ZA ODHÁNĚLOVA,52110787925263088,1415.0,2019,PŠENICE OZ.,7.12
ZA ODHÁNĚLOVA,52110787925263088,1415.0,2020,JEČMEN J.,4.23
ZA ODHÁNĚLOVA,52110787925263088,1415.0,2021,ŘEPKA,3.35
ZA ODHÁNĚLOVA,52110787925263088,1415.0,2022,PŠENICE OZ.,7.8
ZA ODHÁNĚLOVA,52110787925263088,1415.0,2023,PŠENICE OZ.,9.48
ZA ODHÁNĚLOVA,52110787925263088,1415.0,2024,SOJA,3.47
ZA PŠENSKOVA HORNÍ,52110787870736992,1567.0,2017,PŠENICE OZ.,5.42
ZA PŠENSKOVA HORNÍ,52110787870736992,1567.0,2018,PŠENICE OZ.,4.52
ZA PŠENSKOVA HORNÍ,52110787870736992,1567.0,2019,ŘEPKA,3.09
ZA PŠENSKOVA HORNÍ,52110787870736992,1567.0,2020,PŠENICE OZ.,7.65
ZA PŠENSKOVA HORNÍ,52110787870736992,1567.0,2021,PŠENICE OZ.,6.72
ZA PŠENSKOVA HORNÍ,52110787870736992,1567.0,2023,PŠENICE OZ.,8.17
ZA PŠENSKOVA HORNÍ,52110787870736992,1567.0,2024,ŘEPKA,2.37
Za psenskova spodni 1,61640199569949424,1417.0,2017,PŠENICE OZ.,5.49
Za psenskova spodni 1,61640199569949424,1417.0,2018,PŠENICE OZ.,4.52
Za psenskova spodni 1,61640199569949424,1417.0,2019,ŘEPKA,5.8
Za psenskova spodni 1,61640199569949424,1417.0,2020,PŠENICE OZ.,8.51
Za psenskova spodni 1,61640199569949424,1417.0,2021,PŠENICE OZ.,8.04
Za psenskova spodni 1,61640199569949424,1417.0,2022,PŠENICE OZ.,5.38
Za psenskova spodni 1,61640199569949424,1417.0,2023,ŘEPKA,3.7
Za psenskova spodni 1,61640199569949424,1417.0,2024,PŠENICE OZ.,6.99
Za Psenskova spodni 2,61640199320388280,1419.0,2017,PŠENICE OZ.,5.49
Za Psenskova spodni 2,61640199320388280,1419.0,2018,PŠENICE OZ.,4.52
Za Psenskova spodni 2,61640199320388280,1419.0,2019,ŘEPKA,5.8
Za Psenskova spodni 2,61640199320388280,1419.0,2020,PŠENICE OZ.,8.51
Za Psenskova spodni 2,61640199320388280,1419.0,2021,PŠENICE OZ.,8.04
Za Psenskova spodni 2,61640199320388280,1419.0,2022,PŠENICE OZ.,5.38
Za Psenskova spodni 2,61640199320388280,1419.0,2023,ŘEPKA,3.7
Za Psenskova spodni 2,61640199320388280,1419.0,2024,PŠENICE OZ.,6.99
ZA SPOLANOU,57600483977609792,1568.0,2017,PŠENICE OZ.,7.43
ZA SPOLANOU,57600483977609792,1568.0,2018,PŠENICE J.,4.65
ZA SPOLANOU,57600483977609792,1568.0,2019,PŠENICE OZ.,5.94
ZA SPOLANOU,57600483977609792,1568.0,2020,JETEL NACHOVÝ,-
ZA SPOLANOU,57600483977609792,1568.0,2021,PŠENICE OZ.,8.48
ZA SPOLANOU,57600483977609792,1568.0,2022,PŠENICE OZ.,5.81
ZA SPOLANOU,57600483977609792,1568.0,2023,JETEL NACHOVÝ,3
ZA SPOLANOU,57600483977609792,1568.0,2024,PŠENICE OZ.,7.8
ZA TRATÍ,57600773260853968,1460.0,2017,JETEL NACHOVÝ,-
ZA TRATÍ,57600773260853968,1460.0,2018,JETEL NACHOVÝ,-
ZA TRATÍ,57600773260853968,1460.0,2019,JETEL NACHOVÝ,-
ZA TRATÍ,57600773260853968,1460.0,2020,JETEL NACHOVÝ,-
ZA TRATÍ,57600773260853968,1460.0,2021,Neznáma,2.05
ZA TRATÍ,57600773260853968,1460.0,2022,JEČMEN OZ.,5.23
ZA TRATÍ,57600773260853968,1460.0,2023,JETEL NACHOVÝ,ÚHOR
ZA TRATÍ,57600773260853968,1460.0,2024,KUKUŘICE,10.47
ZA VRCHA,57600425043444424,1569.0,2017,PŠENICE OZ.,7.25
ZA VRCHA,57600425043444424,1569.0,2018,ŘEPKA,2.84
ZA VRCHA,57600425043444424,1569.0,2019,PŠENICE OZ.,7.52
ZA VRCHA,57600425043444424,1569.0,2020,JETEL NACHOVÝ,-
ZA VRCHA,57600425043444424,1569.0,2021,Neznáma,-
ZA VRCHA,57600425043444424,1569.0,2022,JETEL NACHOVÝ,VOJTĚŠKA
ZA VRCHA,57600425043444424,1569.0,2023,JETEL NACHOVÝ,VOJTĚŠKA
ZA VRCHA,57600425043444424,1569.0,2024,PŠENICE J.,6.31
ZAHRÁDKY,52110787944137352,1462.0,2017,PŠENICE OZ.,8.05
ZAHRÁDKY,52110787944137352,1462.0,2018,JEČMEN J.,5.79
ZAHRÁDKY,52110787944137352,1462.0,2019,ŘEPKA,3.47
ZAHRÁDKY,52110787944137352,1462.0,2020,PŠENICE OZ.,8.06
ZAHRÁDKY,52110787944137352,1462.0,2021,PŠENICE OZ.,8.19
ZAHRÁDKY,52110787944137352,1462.0,2022,PŠENICE J.,4.63
ZAHRÁDKY,52110787944137352,1462.0,2023,ŘEPKA,4.16
ZAHRÁDKY,52110787944137352,1462.0,2024,PŠENICE OZ.,7.58
ZTRACENÝ,52110787897999912,1465.0,2017,JETEL NACHOVÝ,-
ZTRACENÝ,52110787897999912,1465.0,2018,JETEL NACHOVÝ,-
ZTRACENÝ,52110787897999912,1465.0,2019,JETEL NACHOVÝ,-
ZTRACENÝ,52110787897999912,1465.0,2020,PŠENICE OZ.,6.25
ZTRACENÝ,52110787897999912,1465.0,2022,JETEL NACHOVÝ,VOJTĚŠKA
ZTRACENÝ,52110787897999912,1465.0,2023,JETEL NACHOVÝ,VOJTĚŠKA
ZTRACENÝ,52110787897999912,1465.0,2024,JETEL NACHOVÝ,VOJTĚŠKA
Zidak 1,55535434366730896,1423.0,2017,PŠENICE OZ.,7.74
Zidak 1,55535434366730896,1423.0,2018,JEČMEN J.,5.98
Zidak 1,55535434366730896,1423.0,2019,SOJA,2.44
Zidak 1,55535434366730896,1423.0,2020,PŠENICE OZ.,8.85
Zidak 1,55535434366730896,1423.0,2021,JEČMEN J.,5.47
Zidak 1,55535434366730896,1423.0,2022,SOJA,2.88
Zidak 1,55535434366730896,1423.0,2023,PŠENICE OZ.,7.88
Zidak 1,55535434366730896,1423.0,2024,PŠENICE OZ.,8.77
Zidak 2,52110787864445496,1463.0,2017,PŠENICE OZ.,7.74
Zidak 2,52110787864445496,1463.0,2018,JEČMEN J.,5.98
Zidak 2,52110787864445496,1463.0,2019,SOJA,2.44
Zidak 2,52110787864445496,1463.0,2020,PŠENICE OZ.,8.85
Zidak 2,52110787864445496,1463.0,2021,JEČMEN J.,5.47
Zidak 2,52110787864445496,1463.0,2022,SOJA,2.88
Zidak 2,52110787864445496,1463.0,2023,PŠENICE OZ.,7.88
Zidak 2,52110787864445496,1463.0,2024,PŠENICE OZ.,8.77
ŽLÁBKA,55535434370925240,1464.0,2017,PŠENICE OZ.,7.65
ŽLÁBKA,55535434370925240,1464.0,2018,ŘEPKA,4.13
ŽLÁBKA,55535434370925240,1464.0,2019,PŠENICE OZ.,7.16
ŽLÁBKA,55535434370925240,1464.0,2020,PŠENICE OZ.,7.4
ŽLÁBKA,55535434370925240,1464.0,2021,ŘEPKA,3.73
ŽLÁBKA,55535434370925240,1464.0,2022,PŠENICE OZ.,6.12
ŽLÁBKA,55535434370925240,1464.0,2023,PŠENICE OZ.,9.21
ŽLÁBKA,55535434370925240,1464.0,2024,ŘEPKA,3
ŽLÁBKA PETERSIK,57600483971318288,1424.0,2022,PŠENICE OZ.,6.39
ŽLÁBKA PETERSIK,57600483971318288,1424.0,2023,PŠENICE OZ.,9.25
ŽLÁBKA PETERSIK,57600483971318288,1424.0,2024,ŘEPKA,3
